278, 6.347515031585356, AC6_counts_4_L_5_0_MLT_1_0_AE_100.csv
98, 3.159761405771401, AC6_counts_4_L_5_0_MLT_1_100_AE_200.csv
86, 6.537438236412011, AC6_counts_4_L_5_0_MLT_1_200_AE_300.csv
77, 6.595289079229121, AC6_counts_4_L_5_0_MLT_1_300_AE_400.csv
79, 5.33843901340241, AC6_counts_4_L_5_0_MLT_1_400_AE_500.csv
41, 5.102675793403858, AC6_counts_4_L_5_0_MLT_1_500_AE_600.csv
130, 17.203352448169387, AC6_counts_4_L_5_0_MLT_1_600_AE_700.csv
292, 5.01416673821585, AC6_counts_5_L_6_0_MLT_1_0_AE_100.csv
120, 3.0712792731305716, AC6_counts_5_L_6_0_MLT_1_100_AE_200.csv
104, 5.9400285578296055, AC6_counts_5_L_6_0_MLT_1_200_AE_300.csv
156, 9.415551755356603, AC6_counts_5_L_6_0_MLT_1_300_AE_400.csv
143, 10.196078431372548, AC6_counts_5_L_6_0_MLT_1_400_AE_500.csv
165, 21.06382978723404, AC6_counts_5_L_6_0_MLT_1_500_AE_600.csv
166, 15.375115776474223, AC6_counts_5_L_6_0_MLT_1_600_AE_700.csv
281, 5.895723327621779, AC6_counts_6_L_7_0_MLT_1_0_AE_100.csv
123, 4.14164655704585, AC6_counts_6_L_7_0_MLT_1_100_AE_200.csv
79, 5.866336633663367, AC6_counts_6_L_7_0_MLT_1_200_AE_300.csv
85, 9.817131857555342, AC6_counts_6_L_7_0_MLT_1_300_AE_400.csv
105, 13.404255319148938, AC6_counts_6_L_7_0_MLT_1_400_AE_500.csv
139, 25.965130759651306, AC6_counts_6_L_7_0_MLT_1_500_AE_600.csv
73, 11.167771545130037, AC6_counts_6_L_7_0_MLT_1_600_AE_700.csv
205, 6.946013101423086, AC6_counts_7_L_8_0_MLT_1_0_AE_100.csv
125, 7.350779182593356, AC6_counts_7_L_8_0_MLT_1_100_AE_200.csv
53, 12.559241706161139, AC6_counts_7_L_8_0_MLT_1_200_AE_300.csv
63, 11.641515244841393, AC6_counts_7_L_8_0_MLT_1_300_AE_400.csv
57, 13.033536585365855, AC6_counts_7_L_8_0_MLT_1_400_AE_500.csv
43, 13.14314824248599, AC6_counts_7_L_8_0_MLT_1_500_AE_600.csv
64, 14.970760233918128, AC6_counts_7_L_8_0_MLT_1_600_AE_700.csv
31, 4.346810002336995, AC6_counts_5_L_6_1_MLT_2_0_AE_100.csv
12, 3.4917555771096023, AC6_counts_5_L_6_1_MLT_2_100_AE_200.csv
8, 3.016970458830924, AC6_counts_5_L_6_1_MLT_2_200_AE_300.csv
4, 1.437125748502994, AC6_counts_5_L_6_1_MLT_2_300_AE_400.csv
36, 17.61827079934747, AC6_counts_5_L_6_1_MLT_2_400_AE_500.csv
5, 12.552301255230127, AC6_counts_5_L_6_1_MLT_2_500_AE_600.csv
1, 2.7649769585253456, AC6_counts_5_L_6_1_MLT_2_600_AE_700.csv
53, 2.653538050734312, AC6_counts_6_L_7_1_MLT_2_0_AE_100.csv
15, 1.395132537591071, AC6_counts_6_L_7_1_MLT_2_100_AE_200.csv
8, 1.2962462867944908, AC6_counts_6_L_7_1_MLT_2_200_AE_300.csv
21, 3.9660056657223794, AC6_counts_6_L_7_1_MLT_2_300_AE_400.csv
20, 7.242003621001811, AC6_counts_6_L_7_1_MLT_2_400_AE_500.csv
14, 9.567198177676538, AC6_counts_6_L_7_1_MLT_2_500_AE_600.csv
11, 7.857142857142858, AC6_counts_6_L_7_1_MLT_2_600_AE_700.csv
76, 3.105420866248978, AC6_counts_7_L_8_1_MLT_2_0_AE_100.csv
28, 2.613159122725152, AC6_counts_7_L_8_1_MLT_2_100_AE_200.csv
17, 2.7838427947598254, AC6_counts_7_L_8_1_MLT_2_200_AE_300.csv
12, 2.3407022106631987, AC6_counts_7_L_8_1_MLT_2_300_AE_400.csv
16, 6.34500991407799, AC6_counts_7_L_8_1_MLT_2_400_AE_500.csv
10, 5.2631578947368425, AC6_counts_7_L_8_1_MLT_2_500_AE_600.csv
16, 14.837712519319938, AC6_counts_7_L_8_1_MLT_2_600_AE_700.csv
5, 1.0186757215619695, AC6_counts_6_L_7_6_MLT_7_0_AE_100.csv
3, 1.2949640287769784, AC6_counts_6_L_7_6_MLT_7_100_AE_200.csv
7, 14.53287197231834, AC6_counts_6_L_7_6_MLT_7_200_AE_300.csv
8, 12.0, AC6_counts_6_L_7_6_MLT_7_300_AE_400.csv
5, 0.28000746686578304, AC6_counts_7_L_8_6_MLT_7_0_AE_100.csv
15, 2.0229265003371544, AC6_counts_7_L_8_6_MLT_7_100_AE_200.csv
5, 2.0533880903490758, AC6_counts_7_L_8_6_MLT_7_200_AE_300.csv
13, 5.138339920948616, AC6_counts_7_L_8_6_MLT_7_300_AE_400.csv
8, 6.486486486486486, AC6_counts_7_L_8_6_MLT_7_400_AE_500.csv
1, 2.2304832713754648, AC6_counts_7_L_8_6_MLT_7_500_AE_600.csv
12, 11.842105263157896, AC6_counts_7_L_8_6_MLT_7_600_AE_700.csv
119, 1.7055633853283327, AC6_counts_4_L_5_7_MLT_8_0_AE_100.csv
44, 1.2076300260738302, AC6_counts_4_L_5_7_MLT_8_100_AE_200.csv
25, 1.3865779256794233, AC6_counts_4_L_5_7_MLT_8_200_AE_300.csv
10, 0.6835269993164731, AC6_counts_4_L_5_7_MLT_8_300_AE_400.csv
3, 0.33513312232358966, AC6_counts_4_L_5_7_MLT_8_400_AE_500.csv
8, 1.518987341772152, AC6_counts_4_L_5_7_MLT_8_500_AE_600.csv
10, 3.947368421052632, AC6_counts_4_L_5_7_MLT_8_600_AE_700.csv
134, 1.0424094698492137, AC6_counts_5_L_6_7_MLT_8_0_AE_100.csv
77, 1.4725099601593625, AC6_counts_5_L_6_7_MLT_8_100_AE_200.csv
98, 3.424178895877009, AC6_counts_5_L_6_7_MLT_8_200_AE_300.csv
105, 4.843545783039901, AC6_counts_5_L_6_7_MLT_8_300_AE_400.csv
49, 5.463668463110945, AC6_counts_5_L_6_7_MLT_8_400_AE_500.csv
128, 14.089157952669234, AC6_counts_5_L_6_7_MLT_8_500_AE_600.csv
90, 16.723443790647263, AC6_counts_5_L_6_7_MLT_8_600_AE_700.csv
116, 0.7638949863903766, AC6_counts_6_L_7_7_MLT_8_0_AE_100.csv
68, 1.191971719886646, AC6_counts_6_L_7_7_MLT_8_100_AE_200.csv
144, 4.267720424796246, AC6_counts_6_L_7_7_MLT_8_200_AE_300.csv
119, 5.052005943536404, AC6_counts_6_L_7_7_MLT_8_300_AE_400.csv
105, 9.119861030689057, AC6_counts_6_L_7_7_MLT_8_400_AE_500.csv
127, 9.908972691807543, AC6_counts_6_L_7_7_MLT_8_500_AE_600.csv
69, 7.963069821119447, AC6_counts_6_L_7_7_MLT_8_600_AE_700.csv
164, 1.2566889311758471, AC6_counts_7_L_8_7_MLT_8_0_AE_100.csv
64, 1.2350443844075647, AC6_counts_7_L_8_7_MLT_8_100_AE_200.csv
69, 2.120684356111054, AC6_counts_7_L_8_7_MLT_8_200_AE_300.csv
77, 3.2687137399179282, AC6_counts_7_L_8_7_MLT_8_300_AE_400.csv
95, 6.762368015185668, AC6_counts_7_L_8_7_MLT_8_400_AE_500.csv
34, 3.391521197007481, AC6_counts_7_L_8_7_MLT_8_500_AE_600.csv
44, 5.3636733035351485, AC6_counts_7_L_8_7_MLT_8_600_AE_700.csv
601, 2.454731109598366, AC6_counts_4_L_5_8_MLT_9_0_AE_100.csv
135, 1.265783222902863, AC6_counts_4_L_5_8_MLT_9_100_AE_200.csv
72, 1.0060081039541708, AC6_counts_4_L_5_8_MLT_9_200_AE_300.csv
94, 1.653037896773059, AC6_counts_4_L_5_8_MLT_9_300_AE_400.csv
92, 2.5192825521427595, AC6_counts_4_L_5_8_MLT_9_400_AE_500.csv
46, 1.4839507500403246, AC6_counts_4_L_5_8_MLT_9_500_AE_600.csv
76, 3.5795588350733962, AC6_counts_4_L_5_8_MLT_9_600_AE_700.csv
330, 1.5274124244972267, AC6_counts_5_L_6_8_MLT_9_0_AE_100.csv
70, 0.7758811793393926, AC6_counts_5_L_6_8_MLT_9_100_AE_200.csv
64, 1.2292720404635378, AC6_counts_5_L_6_8_MLT_9_200_AE_300.csv
167, 3.8718652189033578, AC6_counts_5_L_6_8_MLT_9_300_AE_400.csv
102, 3.9570671149618524, AC6_counts_5_L_6_8_MLT_9_400_AE_500.csv
146, 7.309136420525657, AC6_counts_5_L_6_8_MLT_9_500_AE_600.csv
182, 11.753309654504358, AC6_counts_5_L_6_8_MLT_9_600_AE_700.csv
217, 1.412040300627935, AC6_counts_6_L_7_8_MLT_9_0_AE_100.csv
96, 1.5393249418744488, AC6_counts_6_L_7_8_MLT_9_100_AE_200.csv
96, 2.5270916509454655, AC6_counts_6_L_7_8_MLT_9_200_AE_300.csv
122, 3.757700205338809, AC6_counts_6_L_7_8_MLT_9_300_AE_400.csv
90, 4.256660886016081, AC6_counts_6_L_7_8_MLT_9_400_AE_500.csv
65, 6.240998559769563, AC6_counts_6_L_7_8_MLT_9_500_AE_600.csv
103, 10.06514657980456, AC6_counts_6_L_7_8_MLT_9_600_AE_700.csv
203, 1.7531233807357935, AC6_counts_7_L_8_8_MLT_9_0_AE_100.csv
45, 1.0464710670129065, AC6_counts_7_L_8_8_MLT_9_100_AE_200.csv
36, 1.1942278984906287, AC6_counts_7_L_8_8_MLT_9_200_AE_300.csv
32, 1.478743068391867, AC6_counts_7_L_8_8_MLT_9_300_AE_400.csv
23, 1.412198117069177, AC6_counts_7_L_8_8_MLT_9_400_AE_500.csv
19, 2.74434280211844, AC6_counts_7_L_8_8_MLT_9_500_AE_600.csv
37, 4.193426520589347, AC6_counts_7_L_8_8_MLT_9_600_AE_700.csv
736, 3.3257269379363326, AC6_counts_4_L_5_9_MLT_10_0_AE_100.csv
302, 2.488122373877461, AC6_counts_4_L_5_9_MLT_10_100_AE_200.csv
155, 2.002282171076711, AC6_counts_4_L_5_9_MLT_10_200_AE_300.csv
89, 1.9443635304398486, AC6_counts_4_L_5_9_MLT_10_300_AE_400.csv
102, 1.9191570761077488, AC6_counts_4_L_5_9_MLT_10_400_AE_500.csv
78, 2.4751427966998096, AC6_counts_4_L_5_9_MLT_10_500_AE_600.csv
54, 3.221957040572792, AC6_counts_4_L_5_9_MLT_10_600_AE_700.csv
468, 2.169428670761386, AC6_counts_5_L_6_9_MLT_10_0_AE_100.csv
154, 1.2767015779147208, AC6_counts_5_L_6_9_MLT_10_100_AE_200.csv
178, 2.6443498068733287, AC6_counts_5_L_6_9_MLT_10_200_AE_300.csv
247, 5.728864664269976, AC6_counts_5_L_6_9_MLT_10_300_AE_400.csv
170, 4.182213292877937, AC6_counts_5_L_6_9_MLT_10_400_AE_500.csv
218, 8.220727798378482, AC6_counts_5_L_6_9_MLT_10_500_AE_600.csv
109, 7.285284616241506, AC6_counts_5_L_6_9_MLT_10_600_AE_700.csv
281, 1.4755432642237645, AC6_counts_6_L_7_9_MLT_10_0_AE_100.csv
130, 1.2933607481594482, AC6_counts_6_L_7_9_MLT_10_100_AE_200.csv
137, 2.5307881773399017, AC6_counts_6_L_7_9_MLT_10_200_AE_300.csv
143, 3.700189753320683, AC6_counts_6_L_7_9_MLT_10_300_AE_400.csv
128, 3.7955915785311847, AC6_counts_6_L_7_9_MLT_10_400_AE_500.csv
95, 4.443058695143814, AC6_counts_6_L_7_9_MLT_10_500_AE_600.csv
65, 4.777070063694268, AC6_counts_6_L_7_9_MLT_10_600_AE_700.csv
299, 1.887427669647554, AC6_counts_7_L_8_9_MLT_10_0_AE_100.csv
103, 1.2206201856606753, AC6_counts_7_L_8_9_MLT_10_100_AE_200.csv
71, 1.633059878862225, AC6_counts_7_L_8_9_MLT_10_200_AE_300.csv
57, 1.7238772115530014, AC6_counts_7_L_8_9_MLT_10_300_AE_400.csv
51, 1.7825934987766516, AC6_counts_7_L_8_9_MLT_10_400_AE_500.csv
23, 1.362962962962963, AC6_counts_7_L_8_9_MLT_10_500_AE_600.csv
25, 1.7955470433325353, AC6_counts_7_L_8_9_MLT_10_600_AE_700.csv
1074, 2.544450893756145, AC6_counts_4_L_5_10_MLT_11_0_AE_100.csv
394, 2.0515490757615202, AC6_counts_4_L_5_10_MLT_11_100_AE_200.csv
254, 1.6989019564126862, AC6_counts_4_L_5_10_MLT_11_200_AE_300.csv
204, 1.727520359053251, AC6_counts_4_L_5_10_MLT_11_300_AE_400.csv
160, 1.534404219611604, AC6_counts_4_L_5_10_MLT_11_400_AE_500.csv
137, 1.8538565629228685, AC6_counts_4_L_5_10_MLT_11_500_AE_600.csv
80, 1.833810888252149, AC6_counts_4_L_5_10_MLT_11_600_AE_700.csv
617, 1.7143571623730558, AC6_counts_5_L_6_10_MLT_11_0_AE_100.csv
270, 1.5746653836059836, AC6_counts_5_L_6_10_MLT_11_100_AE_200.csv
267, 2.109560179088754, AC6_counts_5_L_6_10_MLT_11_200_AE_300.csv
225, 2.2282007691418952, AC6_counts_5_L_6_10_MLT_11_300_AE_400.csv
328, 4.094796196500281, AC6_counts_5_L_6_10_MLT_11_400_AE_500.csv
312, 5.173700356521018, AC6_counts_5_L_6_10_MLT_11_500_AE_600.csv
138, 4.099212832318432, AC6_counts_5_L_6_10_MLT_11_600_AE_700.csv
494, 1.6757123473541384, AC6_counts_6_L_7_10_MLT_11_0_AE_100.csv
231, 1.6267605633802817, AC6_counts_6_L_7_10_MLT_11_100_AE_200.csv
179, 1.8313581720521785, AC6_counts_6_L_7_10_MLT_11_200_AE_300.csv
134, 1.7232879648483548, AC6_counts_6_L_7_10_MLT_11_300_AE_400.csv
154, 2.6490066225165565, AC6_counts_6_L_7_10_MLT_11_400_AE_500.csv
132, 2.8016555237185607, AC6_counts_6_L_7_10_MLT_11_500_AE_600.csv
94, 3.8123563606867643, AC6_counts_6_L_7_10_MLT_11_600_AE_700.csv
413, 1.763989834634851, AC6_counts_7_L_8_10_MLT_11_0_AE_100.csv
146, 1.251303441084463, AC6_counts_7_L_8_10_MLT_11_100_AE_200.csv
109, 1.3797759446401825, AC6_counts_7_L_8_10_MLT_11_200_AE_300.csv
94, 1.4704732107938991, AC6_counts_7_L_8_10_MLT_11_300_AE_400.csv
64, 1.3904982618771728, AC6_counts_7_L_8_10_MLT_11_400_AE_500.csv
71, 1.8655572585942632, AC6_counts_7_L_8_10_MLT_11_500_AE_600.csv
43, 2.715217848873921, AC6_counts_7_L_8_10_MLT_11_600_AE_700.csv
535, 3.0971700934940136, AC6_counts_4_L_5_11_MLT_12_0_AE_100.csv
196, 1.9537804655181006, AC6_counts_4_L_5_11_MLT_12_100_AE_200.csv
107, 1.6704829308909244, AC6_counts_4_L_5_11_MLT_12_200_AE_300.csv
66, 1.5832400447785067, AC6_counts_4_L_5_11_MLT_12_300_AE_400.csv
74, 2.100184475663403, AC6_counts_4_L_5_11_MLT_12_400_AE_500.csv
43, 1.7130336631033796, AC6_counts_4_L_5_11_MLT_12_500_AE_600.csv
14, 1.1303996770286637, AC6_counts_4_L_5_11_MLT_12_600_AE_700.csv
237, 1.8095516842065078, AC6_counts_5_L_6_11_MLT_12_0_AE_100.csv
88, 1.1603375527426163, AC6_counts_5_L_6_11_MLT_12_100_AE_200.csv
63, 1.3505305655793347, AC6_counts_5_L_6_11_MLT_12_200_AE_300.csv
62, 2.04631717916277, AC6_counts_5_L_6_11_MLT_12_300_AE_400.csv
39, 1.686608043822978, AC6_counts_5_L_6_11_MLT_12_400_AE_500.csv
31, 1.7158671586715868, AC6_counts_5_L_6_11_MLT_12_500_AE_600.csv
3, 0.4342581423401689, AC6_counts_5_L_6_11_MLT_12_600_AE_700.csv
213, 2.2258216207743353, AC6_counts_6_L_7_11_MLT_12_0_AE_100.csv
45, 0.8415147265077139, AC6_counts_6_L_7_11_MLT_12_100_AE_200.csv
43, 1.2350406893250359, AC6_counts_6_L_7_11_MLT_12_200_AE_300.csv
39, 1.6117922578867614, AC6_counts_6_L_7_11_MLT_12_300_AE_400.csv
28, 1.3621989783507662, AC6_counts_6_L_7_11_MLT_12_400_AE_500.csv
8, 0.622568093385214, AC6_counts_6_L_7_11_MLT_12_500_AE_600.csv
3, 0.4993065187239944, AC6_counts_6_L_7_11_MLT_12_600_AE_700.csv
181, 2.507504040637266, AC6_counts_7_L_8_11_MLT_12_0_AE_100.csv
44, 1.0314514553623755, AC6_counts_7_L_8_11_MLT_12_100_AE_200.csv
50, 2.0032051282051286, AC6_counts_7_L_8_11_MLT_12_200_AE_300.csv
17, 0.7894125841653122, AC6_counts_7_L_8_11_MLT_12_300_AE_400.csv
38, 2.5435073627844713, AC6_counts_7_L_8_11_MLT_12_400_AE_500.csv
4, 0.47151277013752463, AC6_counts_7_L_8_11_MLT_12_500_AE_600.csv
4, 0.6577144423129625, AC6_counts_7_L_8_11_MLT_12_600_AE_700.csv
506, 1.977206121784435, AC6_counts_4_L_5_12_MLT_13_0_AE_100.csv
139, 1.068299431265051, AC6_counts_4_L_5_12_MLT_13_100_AE_200.csv
88, 1.0963910461397899, AC6_counts_4_L_5_12_MLT_13_200_AE_300.csv
24, 0.6075949367088608, AC6_counts_4_L_5_12_MLT_13_300_AE_400.csv
37, 0.9572679056530551, AC6_counts_4_L_5_12_MLT_13_400_AE_500.csv
16, 0.5686530031986732, AC6_counts_4_L_5_12_MLT_13_500_AE_600.csv
19, 0.8884732288987609, AC6_counts_4_L_5_12_MLT_13_600_AE_700.csv
226, 1.1539639854307793, AC6_counts_5_L_6_12_MLT_13_0_AE_100.csv
64, 0.6910327700696431, AC6_counts_5_L_6_12_MLT_13_100_AE_200.csv
44, 0.7626971745536487, AC6_counts_5_L_6_12_MLT_13_200_AE_300.csv
48, 1.374898553492147, AC6_counts_5_L_6_12_MLT_13_300_AE_400.csv
38, 1.2049466229785435, AC6_counts_5_L_6_12_MLT_13_400_AE_500.csv
22, 1.4796547472256474, AC6_counts_5_L_6_12_MLT_13_500_AE_600.csv
24, 1.228459307285446, AC6_counts_5_L_6_12_MLT_13_600_AE_700.csv
158, 1.2763894872899613, AC6_counts_6_L_7_12_MLT_13_0_AE_100.csv
44, 0.6924590163934427, AC6_counts_6_L_7_12_MLT_13_100_AE_200.csv
24, 0.57966347315031, AC6_counts_6_L_7_12_MLT_13_200_AE_300.csv
20, 0.8771929824561403, AC6_counts_6_L_7_12_MLT_13_300_AE_400.csv
12, 0.818926296633303, AC6_counts_6_L_7_12_MLT_13_400_AE_500.csv
14, 1.0773374374759521, AC6_counts_6_L_7_12_MLT_13_500_AE_600.csv
12, 1.437986818454164, AC6_counts_6_L_7_12_MLT_13_600_AE_700.csv
132, 1.584792396198099, AC6_counts_7_L_8_12_MLT_13_0_AE_100.csv
35, 0.7545813869924541, AC6_counts_7_L_8_12_MLT_13_100_AE_200.csv
35, 1.2318160488033787, AC6_counts_7_L_8_12_MLT_13_200_AE_300.csv
12, 0.7305194805194806, AC6_counts_7_L_8_12_MLT_13_300_AE_400.csv
13, 1.0348945203661934, AC6_counts_7_L_8_12_MLT_13_400_AE_500.csv
6, 0.8256880733944955, AC6_counts_7_L_8_12_MLT_13_500_AE_600.csv
6, 0.9787928221859706, AC6_counts_7_L_8_12_MLT_13_600_AE_700.csv
12, 1.436265709156194, AC6_counts_4_L_5_13_MLT_14_0_AE_100.csv
2, 0.3308519437551696, AC6_counts_4_L_5_13_MLT_14_100_AE_200.csv
3, 1.4778325123152711, AC6_counts_4_L_5_13_MLT_14_200_AE_300.csv
75, 0.7169258220749427, AC6_counts_5_L_6_13_MLT_14_0_AE_100.csv
29, 0.5664246883036557, AC6_counts_5_L_6_13_MLT_14_100_AE_200.csv
14, 0.5385651086747452, AC6_counts_5_L_6_13_MLT_14_200_AE_300.csv
7, 0.6272401433691757, AC6_counts_5_L_6_13_MLT_14_300_AE_400.csv
5, 0.5309734513274337, AC6_counts_5_L_6_13_MLT_14_400_AE_500.csv
4, 0.6745362563237773, AC6_counts_5_L_6_13_MLT_14_500_AE_600.csv
4, 0.5338078291814946, AC6_counts_5_L_6_13_MLT_14_600_AE_700.csv
75, 0.4201641441256384, AC6_counts_6_L_7_13_MLT_14_0_AE_100.csv
41, 0.49219687875150064, AC6_counts_6_L_7_13_MLT_14_100_AE_200.csv
78, 1.8191005558362812, AC6_counts_6_L_7_13_MLT_14_200_AE_300.csv
11, 0.5870841487279843, AC6_counts_6_L_7_13_MLT_14_300_AE_400.csv
10, 0.4716981132075472, AC6_counts_6_L_7_13_MLT_14_400_AE_500.csv
6, 0.5520625670909369, AC6_counts_6_L_7_13_MLT_14_500_AE_600.csv
8, 0.612635609444799, AC6_counts_6_L_7_13_MLT_14_600_AE_700.csv
87, 0.7634480943048527, AC6_counts_7_L_8_13_MLT_14_0_AE_100.csv
34, 0.6072512948740847, AC6_counts_7_L_8_13_MLT_14_100_AE_200.csv
81, 2.7679690169723203, AC6_counts_7_L_8_13_MLT_14_200_AE_300.csv
26, 1.1920226178650568, AC6_counts_7_L_8_13_MLT_14_300_AE_400.csv
11, 0.8911693221712125, AC6_counts_7_L_8_13_MLT_14_400_AE_500.csv
8, 0.9230769230769231, AC6_counts_7_L_8_13_MLT_14_500_AE_600.csv
9, 1.6023738872403561, AC6_counts_7_L_8_13_MLT_14_600_AE_700.csv
4, 0.2717391304347826, AC6_counts_6_L_7_14_MLT_15_0_AE_100.csv
1, 0.1119194180190263, AC6_counts_6_L_7_14_MLT_15_100_AE_200.csv
4, 1.0776829815895825, AC6_counts_6_L_7_14_MLT_15_200_AE_300.csv
80, 0.5400904651529131, AC6_counts_7_L_8_14_MLT_15_0_AE_100.csv
41, 0.6969628286491387, AC6_counts_7_L_8_14_MLT_15_100_AE_200.csv
85, 2.223287850385806, AC6_counts_7_L_8_14_MLT_15_200_AE_300.csv
10, 1.0160880609652836, AC6_counts_7_L_8_14_MLT_15_300_AE_400.csv
5, 0.41580041580041577, AC6_counts_7_L_8_14_MLT_15_400_AE_500.csv
1, 0.10360904852357106, AC6_counts_7_L_8_14_MLT_15_500_AE_600.csv
10, 1.8927444794952681, AC6_counts_7_L_8_14_MLT_15_600_AE_700.csv
16, 1.5581886057458203, AC6_counts_7_L_8_15_MLT_16_0_AE_100.csv
5, 0.9878169245966415, AC6_counts_7_L_8_15_MLT_16_100_AE_200.csv
4, 1.3415315818893236, AC6_counts_7_L_8_15_MLT_16_200_AE_300.csv
2, 2.7272727272727275, AC6_counts_7_L_8_15_MLT_16_300_AE_400.csv
3, 5.660377358490566, AC6_counts_7_L_8_15_MLT_16_400_AE_500.csv
2, 0.14964459408903852, AC6_counts_7_L_8_16_MLT_17_0_AE_100.csv
2, 0.9764035801464606, AC6_counts_7_L_8_16_MLT_17_200_AE_300.csv
1, 0.3924133420536298, AC6_counts_7_L_8_16_MLT_17_300_AE_400.csv
3, 8.181818181818182, AC6_counts_7_L_8_16_MLT_17_500_AE_600.csv
2, 0.9397024275646045, AC6_counts_6_L_7_17_MLT_18_200_AE_300.csv
1, 1.7647058823529411, AC6_counts_6_L_7_17_MLT_18_500_AE_600.csv
104, 0.9073724007561437, AC6_counts_7_L_8_17_MLT_18_0_AE_100.csv
38, 0.8181426725993971, AC6_counts_7_L_8_17_MLT_18_100_AE_200.csv
34, 1.6164817749603801, AC6_counts_7_L_8_17_MLT_18_200_AE_300.csv
22, 1.6127061698228466, AC6_counts_7_L_8_17_MLT_18_300_AE_400.csv
32, 6.948968512486427, AC6_counts_7_L_8_17_MLT_18_400_AE_500.csv
53, 12.320805889190236, AC6_counts_7_L_8_17_MLT_18_500_AE_600.csv
64, 17.142857142857142, AC6_counts_7_L_8_17_MLT_18_600_AE_700.csv
9, 0.1818916734033953, AC6_counts_5_L_6_18_MLT_19_0_AE_100.csv
5, 0.23969319271332695, AC6_counts_5_L_6_18_MLT_19_100_AE_200.csv
4, 0.36843721215842806, AC6_counts_5_L_6_18_MLT_19_200_AE_300.csv
3, 0.3387916431394693, AC6_counts_5_L_6_18_MLT_19_300_AE_400.csv
4, 0.8778346744696416, AC6_counts_5_L_6_18_MLT_19_400_AE_500.csv
1, 0.2850356294536817, AC6_counts_5_L_6_18_MLT_19_500_AE_600.csv
2, 5.911330049261084, AC6_counts_5_L_6_18_MLT_19_600_AE_700.csv
66, 0.4519670840133764, AC6_counts_6_L_7_18_MLT_19_0_AE_100.csv
24, 0.3897369275738876, AC6_counts_6_L_7_18_MLT_19_100_AE_200.csv
19, 0.5200018245678055, AC6_counts_6_L_7_18_MLT_19_200_AE_300.csv
14, 0.7449450159631075, AC6_counts_6_L_7_18_MLT_19_300_AE_400.csv
16, 2.705749718151071, AC6_counts_6_L_7_18_MLT_19_400_AE_500.csv
24, 1.8357980622131567, AC6_counts_6_L_7_18_MLT_19_500_AE_600.csv
24, 3.082191780821918, AC6_counts_6_L_7_18_MLT_19_600_AE_700.csv
82, 0.7392493313700154, AC6_counts_7_L_8_18_MLT_19_0_AE_100.csv
90, 2.0371977213566232, AC6_counts_7_L_8_18_MLT_19_100_AE_200.csv
59, 2.2960176417174734, AC6_counts_7_L_8_18_MLT_19_200_AE_300.csv
36, 3.3189920098340506, AC6_counts_7_L_8_18_MLT_19_300_AE_400.csv
43, 10.035005834305718, AC6_counts_7_L_8_18_MLT_19_400_AE_500.csv
55, 7.310589277802394, AC6_counts_7_L_8_18_MLT_19_500_AE_600.csv
26, 5.128205128205129, AC6_counts_7_L_8_18_MLT_19_600_AE_700.csv
78, 0.3983792434199325, AC6_counts_4_L_5_19_MLT_20_0_AE_100.csv
29, 0.379680544645195, AC6_counts_4_L_5_19_MLT_20_100_AE_200.csv
15, 0.27561707600906477, AC6_counts_4_L_5_19_MLT_20_200_AE_300.csv
10, 0.32261533498225614, AC6_counts_4_L_5_19_MLT_20_300_AE_400.csv
8, 0.4231684739486909, AC6_counts_4_L_5_19_MLT_20_400_AE_500.csv
8, 0.4832863471606927, AC6_counts_4_L_5_19_MLT_20_500_AE_600.csv
6, 0.5682715074980268, AC6_counts_4_L_5_19_MLT_20_600_AE_700.csv
120, 0.6195253747268066, AC6_counts_5_L_6_19_MLT_20_0_AE_100.csv
37, 0.5117447730573291, AC6_counts_5_L_6_19_MLT_20_100_AE_200.csv
23, 0.4186258152586076, AC6_counts_5_L_6_19_MLT_20_200_AE_300.csv
22, 0.826394540787579, AC6_counts_5_L_6_19_MLT_20_300_AE_400.csv
19, 1.005911938586429, AC6_counts_5_L_6_19_MLT_20_400_AE_500.csv
21, 1.0954616588419404, AC6_counts_5_L_6_19_MLT_20_500_AE_600.csv
11, 1.008249312557287, AC6_counts_5_L_6_19_MLT_20_600_AE_700.csv
71, 0.7041671487842373, AC6_counts_6_L_7_19_MLT_20_0_AE_100.csv
62, 1.7245375735941773, AC6_counts_6_L_7_19_MLT_20_100_AE_200.csv
37, 1.4779308967445577, AC6_counts_6_L_7_19_MLT_20_200_AE_300.csv
34, 2.370990237099024, AC6_counts_6_L_7_19_MLT_20_300_AE_400.csv
31, 3.4785861230596593, AC6_counts_6_L_7_19_MLT_20_400_AE_500.csv
33, 4.653349001175088, AC6_counts_6_L_7_19_MLT_20_500_AE_600.csv
14, 4.292284108329076, AC6_counts_6_L_7_19_MLT_20_600_AE_700.csv
76, 1.4142604596346493, AC6_counts_7_L_8_19_MLT_20_0_AE_100.csv
37, 2.149496514329977, AC6_counts_7_L_8_19_MLT_20_100_AE_200.csv
55, 4.860088365243005, AC6_counts_7_L_8_19_MLT_20_200_AE_300.csv
45, 6.694768162658071, AC6_counts_7_L_8_19_MLT_20_300_AE_400.csv
63, 17.04238052299369, AC6_counts_7_L_8_19_MLT_20_400_AE_500.csv
15, 5.172413793103448, AC6_counts_7_L_8_19_MLT_20_500_AE_600.csv
6, 13.688212927756654, AC6_counts_7_L_8_19_MLT_20_600_AE_700.csv
338, 1.9262552003191429, AC6_counts_4_L_5_20_MLT_21_0_AE_100.csv
119, 1.8013926733272783, AC6_counts_4_L_5_20_MLT_21_100_AE_200.csv
75, 1.6253702232175107, AC6_counts_4_L_5_20_MLT_21_200_AE_300.csv
35, 1.0221465076660987, AC6_counts_4_L_5_20_MLT_21_300_AE_400.csv
24, 0.8475075039726915, AC6_counts_4_L_5_20_MLT_21_400_AE_500.csv
12, 0.8405323371468596, AC6_counts_4_L_5_20_MLT_21_500_AE_600.csv
9, 1.1790393013100435, AC6_counts_4_L_5_20_MLT_21_600_AE_700.csv
83, 0.9433962264150944, AC6_counts_5_L_6_20_MLT_21_0_AE_100.csv
31, 1.223684210526316, AC6_counts_5_L_6_20_MLT_21_100_AE_200.csv
97, 4.955300127713921, AC6_counts_5_L_6_20_MLT_21_200_AE_300.csv
15, 0.8694812095449715, AC6_counts_5_L_6_20_MLT_21_300_AE_400.csv
13, 1.0993657505285412, AC6_counts_5_L_6_20_MLT_21_400_AE_500.csv
18, 3.154205607476636, AC6_counts_5_L_6_20_MLT_21_500_AE_600.csv
13, 3.2953105196451205, AC6_counts_5_L_6_20_MLT_21_600_AE_700.csv
73, 1.419451015976926, AC6_counts_6_L_7_20_MLT_21_0_AE_100.csv
46, 3.0608849950094266, AC6_counts_6_L_7_20_MLT_21_100_AE_200.csv
57, 5.654761904761905, AC6_counts_6_L_7_20_MLT_21_200_AE_300.csv
15, 1.8789144050104385, AC6_counts_6_L_7_20_MLT_21_300_AE_400.csv
32, 4.53257790368272, AC6_counts_6_L_7_20_MLT_21_400_AE_500.csv
16, 6.095238095238095, AC6_counts_6_L_7_20_MLT_21_500_AE_600.csv
9, 4.6915725456125115, AC6_counts_6_L_7_20_MLT_21_600_AE_700.csv
67, 2.1537637289043663, AC6_counts_7_L_8_20_MLT_21_0_AE_100.csv
84, 6.883365200764818, AC6_counts_7_L_8_20_MLT_21_100_AE_200.csv
45, 8.405977584059775, AC6_counts_7_L_8_20_MLT_21_200_AE_300.csv
14, 4.067796610169491, AC6_counts_7_L_8_20_MLT_21_300_AE_400.csv
39, 11.944869831546708, AC6_counts_7_L_8_20_MLT_21_400_AE_500.csv
18, 11.587982832618025, AC6_counts_7_L_8_20_MLT_21_500_AE_600.csv
9, 6.708074534161491, AC6_counts_7_L_8_20_MLT_21_600_AE_700.csv
605, 5.075006640848911, AC6_counts_4_L_5_21_MLT_22_0_AE_100.csv
231, 3.4311177125881915, AC6_counts_4_L_5_21_MLT_22_100_AE_200.csv
188, 5.155393053016453, AC6_counts_4_L_5_21_MLT_22_200_AE_300.csv
76, 2.3289070480081717, AC6_counts_4_L_5_21_MLT_22_300_AE_400.csv
77, 3.861262014208107, AC6_counts_4_L_5_21_MLT_22_400_AE_500.csv
57, 3.3049864708156167, AC6_counts_4_L_5_21_MLT_22_500_AE_600.csv
92, 6.300650610660884, AC6_counts_4_L_5_21_MLT_22_600_AE_700.csv
268, 2.8980283314710014, AC6_counts_5_L_6_21_MLT_22_0_AE_100.csv
135, 3.028377014244588, AC6_counts_5_L_6_21_MLT_22_100_AE_200.csv
107, 3.584389481324326, AC6_counts_5_L_6_21_MLT_22_200_AE_300.csv
89, 3.985372042689753, AC6_counts_5_L_6_21_MLT_22_300_AE_400.csv
115, 7.450599287333981, AC6_counts_5_L_6_21_MLT_22_400_AE_500.csv
74, 7.395069953364424, AC6_counts_5_L_6_21_MLT_22_500_AE_600.csv
176, 26.58610271903323, AC6_counts_5_L_6_21_MLT_22_600_AE_700.csv
180, 2.8146256287300306, AC6_counts_6_L_7_21_MLT_22_0_AE_100.csv
163, 5.427302996670366, AC6_counts_6_L_7_21_MLT_22_100_AE_200.csv
122, 5.663881151346332, AC6_counts_6_L_7_21_MLT_22_200_AE_300.csv
72, 5.597305001295672, AC6_counts_6_L_7_21_MLT_22_300_AE_400.csv
89, 9.787390029325513, AC6_counts_6_L_7_21_MLT_22_400_AE_500.csv
73, 9.488734835355286, AC6_counts_6_L_7_21_MLT_22_500_AE_600.csv
80, 21.145374449339208, AC6_counts_6_L_7_21_MLT_22_600_AE_700.csv
197, 4.543357933579336, AC6_counts_7_L_8_21_MLT_22_0_AE_100.csv
152, 8.973728229853391, AC6_counts_7_L_8_21_MLT_22_100_AE_200.csv
93, 7.823892316320808, AC6_counts_7_L_8_21_MLT_22_200_AE_300.csv
58, 7.437486642444967, AC6_counts_7_L_8_21_MLT_22_300_AE_400.csv
86, 13.37827326938035, AC6_counts_7_L_8_21_MLT_22_400_AE_500.csv
39, 7.624633431085045, AC6_counts_7_L_8_21_MLT_22_500_AE_600.csv
31, 11.306990881458967, AC6_counts_7_L_8_21_MLT_22_600_AE_700.csv
1073, 4.617138922954452, AC6_counts_4_L_5_22_MLT_23_0_AE_100.csv
375, 3.1933918078855488, AC6_counts_4_L_5_22_MLT_23_100_AE_200.csv
304, 4.16885699266336, AC6_counts_4_L_5_22_MLT_23_200_AE_300.csv
135, 2.883383169585647, AC6_counts_4_L_5_22_MLT_23_300_AE_400.csv
305, 5.8293250087599136, AC6_counts_4_L_5_22_MLT_23_400_AE_500.csv
346, 9.378388146006506, AC6_counts_4_L_5_22_MLT_23_500_AE_600.csv
356, 11.214953271028039, AC6_counts_4_L_5_22_MLT_23_600_AE_700.csv
567, 2.925646273713902, AC6_counts_5_L_6_22_MLT_23_0_AE_100.csv
299, 3.370659852698031, AC6_counts_5_L_6_22_MLT_23_100_AE_200.csv
248, 4.652326163081541, AC6_counts_5_L_6_22_MLT_23_200_AE_300.csv
219, 6.199867887137868, AC6_counts_5_L_6_22_MLT_23_300_AE_400.csv
349, 9.975703873088467, AC6_counts_5_L_6_22_MLT_23_400_AE_500.csv
257, 10.462039487075106, AC6_counts_5_L_6_22_MLT_23_500_AE_600.csv
352, 17.31573337705993, AC6_counts_5_L_6_22_MLT_23_600_AE_700.csv
440, 3.2114444201153196, AC6_counts_6_L_7_22_MLT_23_0_AE_100.csv
214, 3.7586721700184422, AC6_counts_6_L_7_22_MLT_23_100_AE_200.csv
198, 6.024646280237334, AC6_counts_6_L_7_22_MLT_23_200_AE_300.csv
219, 9.241156199451439, AC6_counts_6_L_7_22_MLT_23_300_AE_400.csv
372, 17.64147960796712, AC6_counts_6_L_7_22_MLT_23_400_AE_500.csv
263, 17.114967462039044, AC6_counts_6_L_7_22_MLT_23_500_AE_600.csv
202, 14.556809992793658, AC6_counts_6_L_7_22_MLT_23_600_AE_700.csv
410, 4.690270548532861, AC6_counts_7_L_8_22_MLT_23_0_AE_100.csv
195, 6.148833298297246, AC6_counts_7_L_8_22_MLT_23_100_AE_200.csv
153, 8.116710875331565, AC6_counts_7_L_8_22_MLT_23_200_AE_300.csv
139, 9.243045550260446, AC6_counts_7_L_8_22_MLT_23_300_AE_400.csv
182, 13.621055257577646, AC6_counts_7_L_8_22_MLT_23_400_AE_500.csv
197, 18.806682577565635, AC6_counts_7_L_8_22_MLT_23_500_AE_600.csv
164, 16.36998835468308, AC6_counts_7_L_8_22_MLT_23_600_AE_700.csv
359, 7.332765957446808, AC6_counts_4_L_5_23_MLT_24_0_AE_100.csv
120, 3.342928777045222, AC6_counts_4_L_5_23_MLT_24_100_AE_200.csv
82, 4.027504911591356, AC6_counts_4_L_5_23_MLT_24_200_AE_300.csv
52, 4.14287611207011, AC6_counts_4_L_5_23_MLT_24_300_AE_400.csv
44, 3.440635996350841, AC6_counts_4_L_5_23_MLT_24_400_AE_500.csv
83, 8.74604847207587, AC6_counts_4_L_5_23_MLT_24_500_AE_600.csv
77, 10.124917817225509, AC6_counts_4_L_5_23_MLT_24_600_AE_700.csv
239, 4.722853472976978, AC6_counts_5_L_6_23_MLT_24_0_AE_100.csv
105, 3.2061068702290076, AC6_counts_5_L_6_23_MLT_24_100_AE_200.csv
142, 7.859053592841989, AC6_counts_5_L_6_23_MLT_24_200_AE_300.csv
108, 11.61290322580645, AC6_counts_5_L_6_23_MLT_24_300_AE_400.csv
138, 14.860014357501795, AC6_counts_5_L_6_23_MLT_24_400_AE_500.csv
121, 15.316455696202532, AC6_counts_5_L_6_23_MLT_24_500_AE_600.csv
49, 14.100719424460431, AC6_counts_5_L_6_23_MLT_24_600_AE_700.csv
165, 4.178978471929084, AC6_counts_6_L_7_23_MLT_24_0_AE_100.csv
97, 4.300280774346091, AC6_counts_6_L_7_23_MLT_24_100_AE_200.csv
87, 8.035714285714286, AC6_counts_6_L_7_23_MLT_24_200_AE_300.csv
61, 10.661229245557822, AC6_counts_6_L_7_23_MLT_24_300_AE_400.csv
110, 17.377567140600316, AC6_counts_6_L_7_23_MLT_24_400_AE_500.csv
84, 19.32515337423313, AC6_counts_6_L_7_23_MLT_24_500_AE_600.csv
45, 17.68172888015717, AC6_counts_6_L_7_23_MLT_24_600_AE_700.csv
126, 5.346912794398472, AC6_counts_7_L_8_23_MLT_24_0_AE_100.csv
68, 5.3996823716251985, AC6_counts_7_L_8_23_MLT_24_100_AE_200.csv
63, 8.898305084745763, AC6_counts_7_L_8_23_MLT_24_200_AE_300.csv
52, 15.399802566633761, AC6_counts_7_L_8_23_MLT_24_300_AE_400.csv
51, 10.684357541899443, AC6_counts_7_L_8_23_MLT_24_400_AE_500.csv
32, 14.232765011119346, AC6_counts_7_L_8_23_MLT_24_500_AE_600.csv
20, 8.19112627986348, AC6_counts_7_L_8_23_MLT_24_600_AE_700.csv
