MLT_OPQ,lon
161.3,196.1,211.2,240.2,257.5,246.2,254.3,259.6,229.0,240.8,245.2,260.5,232.6,224.7,241.6,215.7,185.8,157.0,130.8,87.7,421.8,1003.6,604.4,858.5,976.0,620.0,1046.1,1216.6,1333.6,1021.2,1484.7,1445.2,1197.9,1735.8,1348.9,1815.1,1646.4,1741.5,1956.4,1440.5,1502.6,1385.1,1383.5,1468.2,1095.4,1383.4,1399.8,1222.4,1122.0,858.7,810.9,951.4,977.4,814.5,676.2,509.7,446.8,436.9,575.4,664.1,769.7,783.9,295.2,259.2,227.3,255.3,235.1,250.1,236.7,213.8,168.3,172.3
162.9,166.4,137.9,120.0,114.9,149.6,190.3,214.1,212.0,230.8,220.0,213.2,225.2,219.0,206.8,207.8,196.8,162.4,110.0,101.9,35.9,607.6,538.8,485.8,637.4,674.4,407.5,853.8,893.6,977.4,776.1,1189.6,1054.7,1235.2,1340.1,1246.2,1372.7,1297.4,1624.5,1408.8,1152.7,1178.6,1055.6,1025.1,1032.3,780.9,891.3,962.7,823.2,780.4,610.9,487.2,537.1,595.9,541.3,450.9,407.1,378.4,405.9,554.4,666.5,267.8,236.9,204.4,184.8,159.8,140.3,149.8,142.4,141.1,153.5,140.4
110.3,101.9,125.3,121.4,137.9,139.2,118.3,100.7,146.1,199.1,204.1,222.0,196.7,198.6,195.5,196.4,177.1,165.0,131.6,97.1,37.9,280.7,437.3,321.4,453.6,581.8,385.2,436.8,683.2,754.0,654.6,667.6,872.4,820.5,1132.2,973.3,949.2,1047.0,1054.6,1302.9,1034.8,886.5,866.6,770.2,720.0,855.7,551.0,569.4,692.9,592.2,536.4,503.7,389.5,311.7,345.2,366.3,345.2,346.2,396.5,643.6,279.8,179.0,176.8,143.6,169.7,161.1,155.9,138.2,136.7,126.1,115.5,116.3
116.0,105.1,103.8,104.4,100.7,104.5,104.9,138.0,123.8,99.6,153.8,209.2,216.6,204.2,188.2,178.8,177.8,165.3,134.2,90.5,44.9,143.9,308.3,310.8,315.0,395.8,459.1,259.7,481.3,604.4,701.8,439.9,685.9,682.9,702.7,971.4,763.8,801.2,830.4,880.9,1108.9,896.9,726.9,666.3,580.0,506.0,657.9,498.5,387.4,449.1,468.6,405.8,366.2,354.8,276.5,238.3,209.0,294.0,456.8,477.4,212.0,163.6,174.4,163.2,129.0,134.3,118.4,104.0,132.5,121.9,142.9,114.9
118.6,123.9,110.5,109.1,112.0,116.1,104.4,95.7,123.4,144.1,118.2,120.6,204.0,209.6,187.7,197.5,169.6,164.7,138.8,95.6,54.9,62.5,217.2,282.7,240.0,295.4,401.8,287.1,277.0,459.1,547.6,568.4,416.6,664.2,603.7,679.9,837.3,633.4,690.4,727.2,730.1,951.8,776.1,573.1,541.4,465.6,398.5,427.5,453.9,338.3,292.4,326.9,341.0,307.1,265.8,261.1,234.1,280.1,469.2,209.5,163.9,178.1,170.3,157.6,151.0,125.1,141.5,128.8,102.9,109.6,87.5,123.4
95.4,87.8,124.3,128.5,134.7,114.2,130.2,113.5,109.8,95.5,147.5,131.7,121.9,207.4,213.5,163.0,188.6,163.1,159.7,107.0,58.7,40.1,138.7,257.5,183.3,258.2,291.7,345.3,209.0,388.2,443.6,542.5,410.0,423.9,627.7,522.7,664.9,749.9,590.8,621.6,639.0,613.7,760.3,721.4,530.8,444.5,404.3,342.7,294.2,341.5,342.1,284.4,217.3,232.7,262.8,249.3,225.3,333.0,480.4,188.1,157.7,151.8,108.7,139.9,138.1,164.9,152.1,150.8,112.0,114.2,93.6,90.0
118.8,103.6,95.1,95.2,123.3,143.8,135.9,127.9,130.1,137.4,94.7,147.8,131.6,145.1,210.2,190.5,184.5,169.2,159.1,116.6,67.9,29.7,114.7,178.7,210.4,192.0,238.9,325.5,277.5,205.4,367.3,420.6,525.8,398.6,462.1,526.5,477.7,623.3,708.6,559.5,542.2,571.3,531.6,600.1,672.4,545.4,404.7,356.3,321.9,280.0,232.0,257.0,278.6,262.4,197.4,179.8,186.9,364.4,409.6,190.0,170.0,158.5,170.4,145.9,140.5,113.1,115.5,137.9,161.5,155.4,146.6,106.1
154.6,142.9,128.3,112.9,100.6,100.9,143.8,162.6,129.6,140.5,144.6,98.5,158.4,131.8,180.2,216.6,170.6,178.4,177.3,139.8,75.5,27.5,87.4,140.0,194.6,137.9,209.8,252.4,322.3,177.2,304.0,364.6,411.3,503.4,340.4,427.7,496.5,437.2,519.7,633.7,552.8,440.0,497.5,496.9,470.3,541.8,606.3,496.0,351.7,307.6,291.3,240.6,213.4,192.4,224.4,231.6,222.8,440.1,248.5,164.8,176.8,188.9,180.2,166.2,164.4,171.0,156.7,139.0,119.4,123.8,145.6,188.5
158.6,208.2,175.5,156.5,122.8,128.8,95.0,143.7,181.7,139.1,146.9,150.9,118.7,153.8,147.0,229.4,210.2,203.8,169.0,166.1,91.8,24.9,63.0,109.6,181.7,134.2,171.9,215.7,285.6,275.5,137.3,335.6,352.9,398.7,446.4,312.2,381.3,484.9,425.8,422.3,575.4,582.3,447.4,377.4,416.3,438.7,417.4,460.6,517.7,495.0,380.0,331.4,267.2,258.2,214.0,189.6,223.8,495.9,224.6,215.0,205.3,144.9,156.3,172.2,195.3,195.8,181.1,178.2,188.4,163.2,144.2,122.4
152.6,147.8,184.5,240.5,171.9,141.3,148.7,96.8,154.2,195.8,159.8,158.7,133.6,151.0,154.8,194.2,266.5,216.6,196.6,186.5,126.1,30.0,47.8,98.7,158.8,157.8,139.0,180.7,247.2,294.3,218.6,158.8,331.1,332.0,382.8,437.1,314.0,305.0,438.0,427.5,381.2,429.5,537.3,523.2,426.0,355.8,375.2,401.3,373.8,386.5,439.8,485.0,477.2,398.6,352.5,306.7,403.9,466.1,199.0,181.2,190.6,223.6,230.9,228.1,155.0,172.0,196.2,222.4,214.2,201.8,211.7,200.6
253.7,211.3,165.2,185.2,268.6,209.2,156.0,158.3,99.4,181.7,202.1,181.5,178.2,110.7,185.5,189.7,269.3,247.8,238.6,236.3,161.6,38.9,34.2,91.5,128.3,172.0,121.6,177.2,198.9,256.3,298.6,183.8,171.0,319.3,326.3,352.8,448.5,364.5,272.7,336.9,411.6,394.5,348.0,391.5,466.5,542.6,463.9,424.4,371.2,386.8,400.4,394.0,423.3,475.1,547.1,586.7,749.3,589.3,386.6,303.7,265.7,228.0,205.1,215.6,263.8,268.2,228.6,191.2,206.9,248.8,246.1,236.5
282.6,291.0,287.3,191.3,216.4,302.4,246.8,182.1,166.8,136.7,233.3,197.1,201.4,197.8,187.9,187.3,249.1,323.9,277.0,260.8,218.3,59.3,34.0,90.3,115.1,167.5,142.8,137.4,184.1,236.7,253.4,299.3,199.7,146.0,306.4,320.3,333.5,409.4,436.2,354.3,287.5,315.9,375.7,381.9,351.2,339.3,409.2,470.8,538.0,497.4,485.9,472.1,435.4,484.4,462.7,473.8,823.0,721.7,671.0,667.3,532.6,440.9,352.0,290.1,270.8,247.2,284.9,332.4,288.2,226.6,253.8,317.6
355.4,354.6,351.8,351.1,223.9,255.7,363.0,278.3,196.1,201.2,176.0,292.8,225.1,229.6,178.3,252.4,235.9,383.9,360.7,324.9,312.0,106.6,32.1,78.7,94.5,144.7,192.0,129.6,167.9,193.5,237.4,263.9,310.0,245.3,137.3,232.9,305.2,310.6,316.3,378.9,420.1,421.0,329.3,310.7,345.2,404.2,409.6,389.9,406.3,465.3,543.0,636.2,687.5,595.5,586.9,625.7,843.5,649.1,586.3,648.3,792.3,876.1,786.5,615.4,466.8,372.0,349.6,305.3,358.1,415.4,281.1,283.7
343.5,413.7,430.3,430.3,427.3,269.2,308.6,443.7,315.0,265.5,202.7,271.8,319.9,291.0,277.4,264.1,251.7,401.0,449.8,431.1,427.1,214.6,28.2,65.0,112.5,132.5,192.0,195.2,133.0,188.5,214.7,230.3,280.9,305.2,315.3,233.2,170.8,235.7,301.3,320.0,296.8,339.5,403.7,441.6,480.3,432.7,450.2,444.9,446.6,488.1,480.8,469.4,509.1,630.1,743.5,1178.6,1000.9,833.7,705.3,770.4,765.8,821.6,970.3,1166.6,1075.0,785.8,581.7,493.0,430.6,380.3,537.5,446.8
625.9,465.4,511.6,542.9,546.8,517.1,341.5,415.2,517.6,355.6,355.4,240.5,415.2,330.1,344.9,289.5,378.3,370.8,624.3,587.1,598.0,460.0,37.3,40.8,117.9,119.1,168.9,210.7,213.9,149.8,180.7,225.3,221.7,256.3,287.6,316.7,351.2,286.7,224.8,216.6,290.1,350.9,394.7,409.8,387.4,492.6,536.0,615.1,654.8,586.8,604.4,598.5,623.4,674.4,772.8,1087.4,1005.6,1093.2,1290.7,1156.1,1072.3,1043.5,1099.7,1142.1,1374.1,1650.0,1383.2,909.5,682.8,622.0,535.5,607.5
760.7,838.2,580.6,678.2,691.7,717.7,610.4,454.2,612.2,587.5,436.3,390.3,344.6,551.9,399.5,427.9,418.1,457.7,716.2,856.8,839.2,1019.3,75.6,47.8,99.0,139.4,141.6,204.8,233.1,266.5,185.8,176.8,211.5,236.3,245.6,247.0,265.8,322.0,347.4,415.3,416.6,365.6,356.9,350.8,414.4,458.1,523.1,538.1,557.8,671.6,783.9,920.8,989.9,952.5,1495.3,1188.0,1187.5,1071.8,1135.2,1450.3,1845.8,1876.0,1655.1,1568.1,1650.4,1743.4,2170.5,2285.9,1348.1,936.7,885.0,743.4
947.6,1053.9,1120.2,800.8,961.2,938.7,933.4,720.9,657.9,927.0,657.3,582.3,375.1,631.9,656.2,552.4,581.8,681.8,674.8,1218.6,1295.2,1523.4,986.5,46.6,76.3,135.3,162.8,165.5,206.9,244.9,293.9,301.7,267.1,203.8,207.1,251.3,293.1,317.5,365.9,358.7,399.9,472.8,495.8,582.7,623.5,587.1,541.9,593.6,633.9,720.8,876.7,932.3,1125.0,1953.2,1897.2,2020.2,1785.0,1725.6,1743.0,1838.7,1857.2,2328.1,3152.1,3091.1,2509.0,2499.8,2548.0,2950.2,3613.2,2080.1,1358.6,1205.3
1530.9,1297.5,1578.3,1489.7,1185.7,1435.0,1385.8,1314.7,855.4,974.7,1255.9,813.3,839.0,571.3,945.1,667.6,775.6,927.3,1117.7,1209.3,2117.3,2456.7,3057.5,1201.4,67.8,103.0,132.5,194.8,207.0,186.9,241.3,259.9,299.9,370.0,357.4,375.2,386.3,378.2,360.8,389.5,417.2,472.6,526.2,557.5,619.6,703.5,843.4,976.5,1111.5,1305.4,1329.3,1936.4,2265.9,2091.2,2271.7,2342.2,2827.0,3366.4,3503.2,3301.9,3139.7,3385.8,3032.0,3544.7,4381.9,3193.0,3041.2,3269.1,3017.2,3648.9,2404.5,1920.0
1187.5,956.9,840.7,1267.9,1020.3,1155.9,1446.3,1492.8,1244.4,1117.4,1483.8,1252.5,594.4,250.0,0.0,58.2,318.8,1317.2,1531.3,1674.4,1549.4,2918.7,5263.3,6526.9,4558.1,1760.1,250.0,139.1,164.0,205.4,215.6,248.8,294.4,341.4,385.2,421.1,466.9,522.2,599.4,663.4,732.7,775.0,808.5,922.0,989.7,1177.1,1511.3,1772.7,2712.9,3229.5,3482.6,3578.6,3866.3,4470.6,4202.0,4222.6,4312.0,4711.4,5550.4,7035.7,7232.4,5805.9,3076.9,2109.7,2277.8,2131.4,1907.0,1937.7,1688.6,1633.6,1619.1,1487.6
390.9,443.9,0.0,0.0,17.1,21.9,0.0,29.9,18.9,93.1,92.2,141.7,86.0,44.1,0.0,0.0,87.1,236.2,874.2,893.2,982.7,1039.4,2561.6,6754.1,9394.7,11625.2,11233.5,9839.9,8331.9,6100.1,4954.0,4692.0,4693.3,4215.0,3365.3,3246.8,3089.4,3617.8,4890.2,5585.4,4597.4,5554.5,6537.9,6490.0,6466.8,6222.6,6386.6,7146.6,7212.5,7782.4,9245.3,9742.0,9798.3,9882.2,10431.3,11274.2,11593.8,9661.3,9554.8,10085.5,11207.2,10567.1,650.1,379.9,572.9,882.9,780.7,1030.7,835.8,924.1,1121.1,381.3
318.2,707.9,601.0,0.0,0.0,0.0,0.0,0.0,0.0,0.0,0.0,0.0,0.0,0.0,0.0,0.0,0.0,0.0,0.0,351.0,267.3,168.8,437.8,875.3,1264.4,2329.8,4449.4,6052.7,6936.4,8823.9,10245.4,11530.1,12358.3,12506.5,13636.6,13846.8,17407.7,22265.1,25350.3,29154.7,29067.3,26526.3,24206.6,23118.6,23279.5,23692.5,23589.5,23841.7,24866.9,25246.0,29016.4,29346.7,28695.2,24989.6,20702.0,17595.2,16780.9,17003.5,16215.8,11824.8,12609.4,6815.0,693.8,671.6,492.2,566.3,1129.3,956.6,1038.5,954.7,982.1,1250.9
826.5,422.9,746.4,480.7,0.0,0.0,0.0,0.0,0.0,0.0,0.0,0.0,0.0,0.0,0.0,0.0,0.0,0.0,0.0,0.0,12.0,225.6,512.1,1008.5,1632.2,2347.7,2806.7,3225.7,3765.7,4034.4,4846.3,5104.2,4854.4,4444.2,3615.2,3004.6,2799.2,2384.1,1155.9,607.0,524.7,507.6,455.0,458.4,455.2,518.8,586.7,597.6,542.1,429.3,348.0,2087.7,5092.6,10523.5,13687.6,12323.5,10147.4,9898.0,10017.6,11499.4,8430.2,2851.5,2037.1,2226.7,1994.2,1469.2,713.4,1665.5,1504.3,1409.3,1150.9,866.2
1464.0,1587.4,404.9,591.7,248.0,0.0,0.0,0.0,0.0,0.0,0.0,0.0,0.0,9.9,0.0,34.9,200.1,287.5,501.1,681.9,1216.1,1626.7,1593.1,1858.8,1732.6,1759.4,2253.9,2658.4,2610.9,1905.3,1322.9,878.9,628.9,531.9,458.6,389.0,320.9,282.0,301.1,287.0,264.2,233.5,252.3,250.6,259.5,233.1,230.1,212.6,198.3,185.7,154.3,143.7,155.2,114.2,755.8,3972.5,4945.2,4648.7,4004.8,4660.2,5510.5,4635.8,3290.4,4412.6,4528.4,5341.1,2761.6,2519.7,2853.5,2894.1,3000.9,1556.2
2761.8,3118.3,2006.7,1954.8,1294.9,739.8,715.6,628.1,816.3,875.9,602.9,1050.0,1079.6,1145.8,963.9,916.8,1183.8,1347.6,1212.8,943.2,785.6,806.2,1053.2,1174.3,1157.1,1530.8,1614.2,864.1,495.4,468.8,481.1,430.4,421.7,399.9,377.3,322.3,295.1,275.0,223.4,231.0,204.8,187.8,189.9,174.8,146.2,156.4,173.4,170.9,162.4,156.7,158.0,163.4,117.5,118.1,92.1,165.4,1871.3,2310.7,2417.9,2098.7,2561.2,3144.7,2627.1,2667.3,3653.4,4310.6,4948.1,3037.3,3770.6,3743.0,5205.5,4288.7
3098.2,2746.4,2686.4,1990.4,2481.4,1650.2,1382.8,1279.4,1062.7,1408.8,1311.9,1089.7,1344.5,1254.4,1008.9,866.4,734.3,621.3,748.3,732.2,590.0,509.9,588.5,654.0,1137.9,1047.3,461.8,385.4,327.8,288.6,281.8,262.2,243.5,239.5,221.7,225.5,231.1,216.0,218.3,200.7,207.6,191.4,173.5,169.2,163.9,155.1,158.1,132.8,136.7,125.1,134.9,130.6,129.8,102.8,95.7,54.8,342.2,1167.3,1386.6,1243.9,1417.1,1644.9,2142.1,1361.8,2062.9,2465.7,3161.6,2851.9,2115.1,2731.0,2953.6,3936.8
2826.1,2021.0,2011.8,1812.6,1417.0,1728.5,1067.4,941.6,1005.5,759.4,889.2,906.4,746.5,771.9,884.6,710.0,588.7,504.0,434.9,330.2,437.4,444.2,540.5,764.1,862.5,247.8,205.3,209.9,225.1,244.0,249.4,226.0,199.4,178.1,166.5,181.4,172.6,169.1,166.8,154.7,166.5,175.2,165.3,176.4,168.0,161.9,138.3,133.4,136.4,123.4,124.5,110.2,114.2,110.1,84.7,66.1,29.3,515.8,821.3,1061.8,704.5,1073.4,1250.2,1484.1,904.9,1633.7,1808.4,2412.5,1631.5,1716.2,2018.0,2343.2
1914.9,2053.2,1431.6,1500.1,1312.0,1083.2,1259.1,753.0,662.6,754.9,576.3,543.7,621.5,562.1,472.0,568.6,549.9,456.6,381.5,336.5,264.5,288.4,424.3,862.8,289.8,225.3,211.7,185.3,180.7,152.6,129.4,137.6,154.2,161.3,185.1,174.4,153.0,134.9,133.8,161.8,162.6,150.9,134.7,138.2,151.9,160.8,155.0,163.0,119.0,153.7,112.7,122.1,102.9,103.0,79.3,64.8,32.3,202.1,498.7,615.7,717.0,673.0,852.5,1060.4,860.9,917.5,1307.9,1506.5,1836.7,1062.4,1429.5,1607.3
1280.2,1591.7,1585.5,1106.9,1139.2,1040.3,838.4,979.3,632.0,492.1,543.9,471.4,378.6,431.7,430.1,372.4,336.2,379.1,379.8,343.6,269.1,334.4,559.5,522.4,154.4,123.5,155.7,166.2,165.1,165.3,165.0,138.4,138.1,116.9,105.4,110.8,127.6,144.3,175.7,149.3,127.3,120.5,161.6,160.6,138.0,134.2,137.1,156.9,158.0,118.3,140.6,103.5,107.2,104.7,76.1,62.8,31.9,106.2,270.2,420.6,619.6,405.8,621.4,729.6,905.4,535.0,917.6,1097.8,1377.0,1287.1,883.9,1149.8
925.8,1067.5,1320.4,1279.5,905.9,916.7,852.4,696.0,738.8,552.1,411.3,369.3,406.7,313.5,281.6,319.7,310.0,291.6,226.9,256.0,288.4,382.5,720.4,279.9,199.6,186.0,137.3,128.4,97.1,110.0,125.6,135.6,141.5,141.9,137.2,128.0,110.9,106.3,96.7,122.0,151.9,168.4,136.0,113.6,165.2,156.1,141.7,108.0,151.9,152.5,116.1,135.8,109.2,83.0,87.3,64.6,40.2,63.5,150.3,327.4,440.2,408.5,433.0,550.4,715.1,626.1,506.6,839.7,928.3,1210.9,926.3,802.0
694.9,799.8,864.3,1093.9,1065.8,804.2,757.9,742.1,603.3,580.6,534.9,402.1,284.4,295.6,304.0,258.7,232.9,248.7,248.1,233.8,212.7,370.5,617.6,219.5,221.1,206.5,179.6,167.2,165.6,142.1,112.9,96.1,65.9,104.5,120.0,141.2,133.8,137.5,131.6,113.3,106.7,110.2,157.6,172.2,126.5,137.6,174.3,140.9,107.2,149.3,148.4,115.5,109.3,105.7,93.9,63.8,39.4,44.9,92.0,264.8,313.0,421.9,291.5,447.5,519.4,655.7,399.9,582.1,746.7,816.4,1082.2,700.7
587.5,604.1,696.3,748.8,893.3,936.5,761.9,613.9,631.9,579.2,492.9,468.1,438.0,331.6,247.9,223.0,232.9,221.4,197.4,181.7,200.7,455.5,458.8,188.0,155.4,172.4,187.2,197.6,186.4,176.8,161.0,159.7,150.4,115.4,95.5,68.4,110.5,143.2,137.8,145.8,143.1,120.2,107.7,127.0,192.5,146.3,130.2,179.0,145.2,119.4,155.5,135.0,126.3,103.6,86.6,71.2,46.3,26.7,74.6,175.4,250.3,379.7,278.8,341.4,416.1,511.4,550.6,320.1,582.6,677.0,778.5,918.3
811.5,554.9,506.1,577.1,632.6,706.8,813.8,744.2,613.9,541.7,538.5,471.7,403.5,397.8,385.9,334.3,243.1,208.3,193.3,204.1,195.8,537.8,290.9,173.0,183.3,177.9,187.0,149.8,161.9,174.6,200.4,198.0,182.5,161.0,165.7,142.6,115.9,75.6,111.9,157.6,144.7,161.3,143.7,131.6,104.1,200.3,157.4,137.3,154.8,148.5,122.2,141.3,123.0,117.0,87.4,79.4,52.7,23.3,61.7,110.2,212.7,266.0,353.6,231.6,350.8,429.4,495.2,405.6,338.5,544.7,606.2,719.8
634.3,745.7,579.7,427.9,493.2,535.2,550.1,646.5,697.0,654.5,555.7,487.1,482.7,428.3,373.8,352.6,335.0,320.5,297.9,229.4,266.1,606.7,201.3,182.0,173.2,158.2,162.0,190.6,183.0,192.4,162.5,169.8,192.4,229.8,215.2,186.7,168.2,161.7,122.9,82.7,143.0,187.0,168.5,164.6,139.4,77.8,205.4,141.3,144.4,154.7,98.6,149.2,126.3,126.5,105.7,88.7,59.1,23.1,53.2,80.6,195.1,229.1,321.9,216.3,285.3,339.3,389.4,498.3,323.3,352.1,494.5,543.7
483.9,520.6,670.2,633.7,458.3,399.6,450.5,484.3,473.7,542.7,596.9,636.0,530.8,506.0,452.5,437.6,412.2,346.1,338.7,334.0,518.1,634.9,258.1,205.9,179.4,187.4,196.7,187.8,173.2,180.8,213.2,206.2,203.4,182.7,202.3,264.5,243.6,215.7,188.5,172.6,95.3,129.5,210.3,147.9,176.1,115.5,85.0,184.2,133.4,155.6,125.1,116.9,129.6,131.5,123.3,88.1,79.6,24.0,41.8,58.1,167.0,183.7,263.3,309.4,198.6,299.9,347.6,391.5,469.6,292.5,324.1,458.3
418.7,424.0,432.8,523.6,623.9,567.8,456.8,374.1,426.8,429.5,433.8,455.1,527.9,580.3,605.4,535.8,504.8,479.6,436.5,440.5,684.1,583.3,350.5,354.3,363.6,301.1,230.6,197.9,216.5,229.7,211.0,205.0,240.9,246.6,236.8,216.1,248.9,314.4,243.5,230.7,163.5,77.3,112.8,214.9,129.5,166.9,66.1,122.6,137.4,115.1,147.2,70.8,153.1,128.9,143.5,97.9,101.9,23.9,41.6,51.5,114.3,195.6,227.8,312.2,218.4,229.9,296.4,350.9,383.6,448.0,313.6,260.4
239.1,315.8,396.0,402.3,391.6,478.5,542.3,603.0,474.5,438.5,377.0,413.0,427.8,424.5,459.7,515.4,560.7,601.7,622.6,597.1,963.2,674.1,509.1,438.9,403.3,414.8,431.7,422.4,327.6,250.4,234.7,266.6,255.3,246.6,293.2,264.2,244.7,207.1,328.3,246.5,245.8,128.5,61.9,94.5,175.5,146.9,98.3,12.5,137.5,118.3,171.4,75.5,111.8,149.4,146.6,117.4,124.1,42.6,35.8,53.5,80.8,189.1,176.8,252.2,340.2,194.0,246.8,285.0,335.4,372.6,428.9,373.0
417.4,343.4,248.9,283.6,355.6,402.0,374.4,404.2,496.0,531.0,583.1,496.5,468.3,443.0,434.8,493.8,478.5,503.6,552.8,852.9,1103.4,914.7,734.8,709.5,645.3,623.9,546.9,500.5,540.0,534.2,414.3,288.8,269.5,328.2,288.3,307.6,225.5,213.9,197.6,288.6,229.4,215.8,59.4,54.4,102.7,120.3,127.7,40.6,65.5,160.4,129.5,141.7,47.3,158.0,158.0,145.8,156.2,72.9,35.9,50.2,57.3,150.0,205.2,224.0,276.7,332.4,194.4,248.5,282.3,307.5,345.3,396.4
349.8,384.5,421.8,382.3,311.6,266.2,320.9,373.2,415.6,416.8,418.6,502.8,559.9,638.8,673.8,580.7,590.0,556.9,614.9,1096.4,919.3,777.9,840.1,1012.0,1117.9,1009.8,912.5,841.2,727.1,623.8,611.6,536.4,351.7,231.3,294.2,297.5,295.8,165.4,115.6,165.1,294.8,206.4,194.7,45.1,80.9,133.7,107.0,79.8,0.0,102.3,110.3,170.5,31.9,134.6,151.8,185.4,184.5,128.6,31.6,43.5,64.1,102.9,196.3,203.7,241.9,293.0,359.7,214.3,202.7,292.7,288.7,305.3
305.4,303.3,315.5,374.8,397.8,447.0,440.7,369.7,356.2,341.4,399.8,459.5,516.0,518.1,558.7,687.1,785.0,904.2,1164.9,1340.3,1042.0,897.4,892.6,941.6,1083.4,1333.1,1555.0,1389.2,1184.2,1028.0,901.0,616.9,542.2,355.0,176.9,266.1,301.5,319.8,159.1,96.7,132.5,311.7,203.6,117.1,51.5,103.5,158.3,133.6,9.7,51.5,72.8,146.8,119.2,67.1,170.7,210.8,203.6,252.5,26.7,55.9,58.1,63.1,157.2,220.0,222.5,251.1,297.6,361.1,326.3,203.1,224.0,292.6
234.7,272.8,307.2,330.1,362.9,352.6,364.5,460.1,480.5,565.5,580.2,521.3,507.2,522.8,583.9,690.4,778.8,1012.8,1636.7,1523.6,1607.0,1436.4,1288.2,1154.3,1242.8,1288.5,1388.8,1710.3,1953.3,1723.2,1350.4,1200.8,779.1,643.0,400.3,182.7,198.6,261.3,279.4,192.6,84.3,126.7,301.7,211.7,76.8,52.3,116.0,192.6,104.6,0.0,44.1,107.8,177.9,15.5,164.2,228.8,240.4,418.9,39.5,57.1,57.5,84.0,80.5,174.7,228.8,257.0,241.9,278.0,330.0,377.8,393.8,298.0
433.8,429.0,417.2,366.7,348.6,360.1,388.1,436.9,498.4,513.0,545.9,635.7,758.1,872.9,962.4,1038.4,1309.9,1725.8,1564.2,1582.3,1438.9,1542.1,1870.8,2160.0,1916.0,1682.2,1627.6,1749.2,2182.8,2613.6,2508.3,1712.3,1338.7,769.7,647.9,459.7,110.9,87.0,191.6,170.6,104.1,57.4,89.2,201.5,94.7,14.4,64.2,85.3,164.5,0.7,0.0,20.0,188.4,120.6,36.3,180.9,276.9,392.8,327.2,57.5,73.4,60.2,96.0,86.6,157.6,219.1,268.4,290.8,283.9,309.5,310.0,367.4
374.9,415.2,423.4,486.0,521.9,601.3,666.9,653.4,669.9,712.7,751.7,808.3,943.7,1356.1,1509.6,2050.7,2481.6,2377.6,2258.7,1849.4,1792.6,1886.1,1991.6,2317.4,2893.2,2856.3,2162.8,1477.0,1665.4,1672.8,2329.0,2231.4,1124.7,833.3,337.0,359.0,125.4,0.0,0.0,0.0,0.0,0.0,0.0,76.0,65.1,0.0,0.0,0.0,114.1,0.0,0.0,0.0,35.7,131.6,0.0,60.9,229.0,275.9,761.0,188.0,92.4,93.3,76.9,80.7,97.3,116.6,151.3,211.6,256.2,305.6,329.5,354.9
287.0,343.0,427.8,513.4,609.1,676.3,805.3,1164.0,1491.2,1665.2,2164.4,2440.6,2905.0,3148.4,3185.3,3158.7,2854.2,2626.8,2688.5,2860.3,2801.1,1929.1,1285.3,1423.9,1169.2,1390.5,1041.6,638.6,293.3,206.2,217.1,320.3,393.4,39.9,108.4,0.0,0.0,0.0,0.0,0.0,0.0,0.0,0.0,0.0,136.0,44.9,0.0,0.0,27.3,108.7,0.0,0.0,0.0,0.0,0.0,0.0,122.0,268.1,511.6,973.7,288.1,180.8,132.2,134.0,105.0,122.3,117.9,107.6,138.7,169.9,207.2,247.9
2484.2,3119.8,2928.5,3195.6,4170.3,5468.3,5927.4,5260.5,5506.9,5297.5,4998.0,4910.5,4715.6,4710.0,4268.6,4130.4,3461.3,2236.5,1424.6,794.3,621.5,366.3,171.1,49.8,54.3,15.3,0.0,0.0,0.0,0.0,0.0,0.0,0.0,0.0,0.0,0.0,0.0,0.0,0.0,0.0,0.0,0.0,0.0,0.0,0.0,27.0,0.0,0.0,0.0,90.5,41.5,0.0,0.0,0.0,0.0,0.0,0.0,81.1,183.6,383.2,1105.8,1037.3,476.8,253.2,264.2,234.5,472.0,659.6,636.6,780.6,768.0,1351.9
5221.0,5279.6,5778.3,6083.9,5440.4,4232.8,3438.1,3906.5,3703.3,3588.2,3424.1,3312.7,4475.3,4673.6,4611.2,3458.9,2152.9,928.8,494.6,281.0,132.4,11.4,0.0,0.0,0.0,0.0,0.0,0.0,0.0,0.0,0.0,0.0,0.0,0.0,0.0,0.0,0.0,0.0,0.0,0.0,0.0,0.0,0.0,0.0,0.0,0.0,0.0,0.0,0.0,0.0,0.0,0.0,0.0,0.0,0.0,0.0,0.0,10.1,175.3,556.4,725.5,1691.6,1637.6,1602.3,1679.2,1735.0,2167.7,3220.0,4163.7,4549.9,5525.2,5879.2
1987.2,1548.9,1022.7,700.8,643.4,570.2,485.1,449.5,448.1,423.0,382.2,343.1,303.5,278.4,229.5,704.7,2194.5,3225.2,3770.8,1774.1,1036.2,493.4,527.0,95.1,44.3,0.0,42.6,0.0,0.0,0.0,0.0,0.0,0.0,0.0,0.0,0.0,0.0,0.0,0.0,0.0,0.0,0.0,0.0,0.0,0.0,0.0,0.0,0.0,0.0,0.0,10.0,52.8,0.0,164.1,270.6,520.1,1108.4,1114.5,1904.5,1785.6,2094.1,3441.4,3209.9,3168.7,4071.0,4689.7,4733.7,4415.7,3748.1,3418.8,2821.8,2341.8
627.6,553.1,496.5,482.4,405.2,404.1,376.7,350.7,319.4,330.2,315.6,278.6,277.8,264.0,236.1,207.3,199.7,170.1,843.3,3058.8,2425.0,2336.8,1771.4,1684.7,666.3,917.6,730.4,1004.6,238.1,138.3,75.1,304.4,186.8,7.9,9.1,1.1,146.1,19.7,21.4,8.9,18.5,164.3,61.0,109.8,47.5,78.6,533.2,128.9,342.0,630.7,834.1,1407.4,954.2,758.6,1263.0,1223.3,1493.5,1453.5,1487.7,1695.5,1806.7,1685.8,1804.0,1872.6,1939.8,1676.8,1388.3,959.6,802.0,760.0,763.5,704.7
366.1,362.4,368.6,329.4,322.1,326.4,313.7,304.3,308.2,277.6,279.3,269.4,273.6,250.2,230.4,220.1,178.8,168.0,143.4,237.7,1772.4,1063.4,1357.7,1459.9,1130.9,1200.0,1750.8,1403.4,1457.1,1146.6,1252.8,951.5,1882.0,984.8,936.5,932.8,1298.8,1904.0,989.8,849.3,856.3,1029.1,1647.1,973.2,1184.7,1241.2,1263.0,1474.2,1117.8,1211.1,1569.7,1571.7,1258.6,1020.5,733.7,879.2,896.8,806.1,774.5,749.9,925.1,1119.8,1201.1,905.8,488.1,373.3,372.3,349.1,336.7,331.4,336.5,360.3
