a,r0,r1
0.5119464229123004,67.86436042115376,7.235568541750052
0.47721473115951296,67.29893449080983,7.732655229343853
0.5503718019374082,69.14524700631961,4.714753665783516
0.5683437280380653,67.4585048226401,5.124331710766592
0.5249897229795608,67.56173428528378,4.197679155402954
0.47260842033349426,70.2403082038225,3.329612629551523
0.5080893561797957,66.97146225575936,4.422846718746226
0.5146061001752598,67.18033836981719,3.8767096386195736
0.5540979557857637,68.26615983430861,1.6125013854611763
0.5540979557857637,68.26615983430861,1.6125013854611763
0.5628468286693652,72.47516509789085,3.9355776787136896
0.539736764973863,73.48916862167779,1.8147744492350286
0.4981471673817321,76.48946156009546,3.593586228319015
0.48652683895952353,78.50441048349448,4.400538576044687
0.4770649158153707,82.69719146024836,7.729983520478326
0.5286369599727334,81.72420621033191,9.359505858214579
0.5814074332269646,81.96132204183039,9.530350667749353
0.6318390544471153,81.77442130064067,14.313617736874805
0.5676736142286505,80.20904917557941,16.08472202714001
0.6106646985974434,79.96014785084577,17.189910354975872
0.6421617269341529,81.14004939946601,16.832007292479904
0.6341119782595285,79.70175133202962,13.98022010427092
0.6129314850889298,79.27258510217187,15.411277117238523
0.5368920248669218,80.8013250849565,13.849666087103781
0.5033591428939516,79.64907058906655,13.880761304035953
0.5344221727025821,80.66222034322298,11.651634172883933
0.597381084630665,80.88553969155117,11.163248758354161
0.5620462424888384,81.74684304666944,12.384449757716123
0.5203035702386924,82.38523829271666,12.333292614257854
0.5038615769511016,81.8249179026243,12.35557761142755
0.548008747527087,85.56392466983613,10.444541117341215
0.5521987708622274,81.50759704077174,9.731445546777026
0.5535206076814243,80.00210716867798,8.178148185424778
0.45179988428765827,84.00780716929917,8.609897917049887
0.45179988428765827,84.00780716929917,8.609897917049887
0.476865728995762,84.47975330770319,9.918716146601229
0.5328547591620817,86.03547265510512,8.885033534255896
0.4471428931750261,85.67634384268713,11.30190360711158
0.42742318687805586,82.91152550658948,13.950068606887848
0.4913092019235849,82.72958690206653,14.291266333347679
0.40913938114413606,79.46757296995865,14.496710907096695
0.3508221084672595,78.4272071286231,15.019005986235014
0.38831987159538156,78.88191519093239,11.403714576633403
0.36571291010515994,79.1903539018412,11.653768647458403
0.36571291010515994,79.1903539018412,11.653768647458403
0.3289061303885178,78.62586284897148,8.365077430740953
0.3289061303885178,78.62586284897148,8.365077430740953
0.29743351660148376,76.24930803485937,6.456426182537854
0.29743351660148376,76.24930803485937,6.456426182537854
0.34775873456746187,76.39498050291944,9.720651064545159
0.338579793041641,76.06180413350735,10.360825312855756
0.29325826017745893,76.80314933653257,11.237046495634193
0.26094320544674615,71.53790236275158,15.160065603784998
0.3235751868427523,69.54163577519235,16.018237146608723
0.27653444182649123,71.42140174637925,17.881233071771494
0.28075977949295605,67.45352215521679,19.571308601298764
0.3160320968521002,64.34941234467597,23.563089268486166
0.2977840286253278,64.05003236861931,23.546717196737582
0.3482204976856438,65.62573943473885,24.73255894760692
0.32261693986357437,64.80168920169612,25.471195700172338
0.33161359252213085,63.170257932382846,26.918236210488313
0.3866702707418482,63.15151742959714,23.523979845942094
0.43715379358897316,60.048132210973115,24.647938138733647
0.4487740599326323,62.23076314131007,24.2674085888477
0.370694405978164,60.961368745456234,23.714378289739848
0.35896768762879905,60.075611549159355,23.391072180075096
0.3404930983628097,63.77383628645209,25.85252518114101
0.33207246869434404,61.37167768821503,25.726217139024605
0.30628336113005783,59.9225064313908,23.555356859734534
0.3481869798761812,61.62728323531797,24.263457060665317
0.28174303408267914,58.642642583002136,22.3315155903904
0.24768752947010902,58.17091494771606,18.359028803647924
0.2076530748290167,57.656567186041926,18.31670928901372
0.2516680342080488,55.78960194547943,20.112442774218685
0.31470877583799456,56.32751782181693,20.34086558415175
0.17219844502955578,57.318124245947836,17.054387636374912
0.1883186285748307,60.33932982091661,16.405332013633984
0.2437416486598424,57.05719411827231,19.031017929301868
0.2433562703980199,57.68966536650371,18.107227973649078
0.2433562703980199,57.68966536650371,18.107227973649078
0.21642648279414856,56.630944658320104,17.013153787632206
0.21642648279414856,56.630944658320104,17.013153787632206
0.18159719797362475,56.759622416003225,17.086971958784783
0.18159719797362475,56.759622416003225,17.086971958784783
0.17741782825332136,58.220375086177796,18.377483866292852
0.19567810459294457,59.75474314092784,15.74457838651257
0.18006953175787133,56.32930391847564,18.487117351067074
0.18006953175787133,56.32930391847564,18.487117351067074
0.22783653095832235,53.508780942420664,16.097056681671866
0.232281324716957,52.787028398311044,17.736121580207357
0.24882840014224447,48.95997188723751,19.192529145052994
0.30799834948743327,49.75486345976451,16.540004496521824
0.3023348005782913,47.448759464655396,17.365022035476176
0.27523782778722466,50.54284014808464,18.79569807377999
0.2590934139404726,51.235217389458924,16.3623462188768
0.3185560191639091,51.71545725125454,18.130515601424452
0.31986993019493276,51.82384441096344,18.880889138086722
0.38201897925803674,48.25702045253076,17.569859868110733
0.4404637207501879,48.99958783426272,13.632652541425154
0.4207543548998591,49.862551060617534,17.918183166413918
0.44189570334021877,49.21584011284164,16.20369107672758
0.3923731325147892,49.01894379309467,16.243911447989582
0.4346547716460277,49.92257201700209,17.868168822418404
0.4346547716460277,49.92257201700209,17.868168822418404
0.47925872868204944,51.247216772823464,22.058106587802197
0.5286896489521533,52.290849480675334,23.50035847422293
0.5286896489521533,52.290849480675334,23.50035847422293
0.5039251328768642,49.64051770142375,22.815766800867948
0.5030866333534902,51.205508022181995,20.987720459721704
0.568690097683236,50.098719830070486,19.36441798090185
0.5718221185253816,53.138012758492216,19.22915265520205
0.4641941983507841,51.805417713992654,18.205344851206732
0.3674330842698433,52.393725459439516,20.217487964147743
0.32510437195888725,54.544878091499875,22.567350757818655
0.32510437195888725,54.544878091499875,22.567350757818655
0.27315504408419056,56.04442721707461,18.85573146447238
0.2918683756456314,56.221140492830884,16.89995212248287
0.33163876776924794,58.25149189986068,18.794657303774606
0.3053558801998283,56.01020072385451,20.43771600674279
0.3836551872070806,58.51369547930582,20.449531551715012
0.3836551872070806,58.51369547930582,20.449531551715012
0.3947726121540208,58.22027515992301,23.989424307072724
0.41063251518420224,58.89130224745019,24.818766509080948
0.4180301077068392,58.44210861126512,28.616369072777097
0.34650225591003503,59.06325933838142,29.086919840115925
0.30425007083381245,61.68021137902827,30.09132934511933
0.2538404329372925,59.197648364157956,29.25055482938064
0.1783523639730603,58.10751685768648,30.368778098293525
0.1960028580608538,55.85419802619504,27.891360685321953
0.14442522052398496,53.65449480215975,29.021794127869683
0.1467547527521207,53.61042665194326,25.393897211926056
0.09021345061372149,52.84879361497653,25.635639517491036
0.1687678833791812,52.74179515282471,22.95413955644106
0.09375092171298506,54.979996380016956,24.575323228742842
0.029557605654279423,51.99458908642494,24.389609464324927
0.10229100799292815,52.75402087071174,23.4650045785524
0.07928516527549345,48.95405053886878,23.1899895928697
0.06907454754833002,49.80818572118239,23.931855433523495
0.0161856879298478,48.504568159009274,23.964074736152618
0.0,47.25292901781883,24.967666419079812
0.021915333339278496,46.87895450069714,23.68746031673919
0.021915333339278496,46.87895450069714,23.68746031673919
0.0910427649539482,46.27486495044111,24.368438792947796
0.1214900331920592,48.226019883383245,25.129899121151244
0.06329731658305857,44.084042316350605,25.880718627856922
0.06629674312662596,46.212667282944686,25.366411896210856
0.0,45.623354255281946,26.023877098909225
0.0,46.545137684407266,31.41067164143186
0.0,47.69302215887693,33.041311680775706
0.02316074089317989,46.35287390567823,29.771537497476334
0.0,44.330535669836074,29.446719737933087
0.0,41.858344187405216,32.20969917644043
0.013230317537382286,40.612689370496916,31.995011729196225
0.0,40.2623168532527,29.74719931060947
0.0019451824145732374,41.43088398239869,27.995544011770523
0.0,44.463299338785944,27.740033816876213
0.0096364808252677,47.27014256037894,30.170420946825185
0.0,46.16879053087485,30.288870712132315
0.0,46.16879053087485,30.288870712132315
0.0,47.43385009022539,33.933796482851385
0.04932419219902938,48.812203679005236,33.666312828030314
0.012595410252233409,49.22997449698746,35.46345555089538
0.0,47.51272967395869,35.248399402788046
0.0,46.126069406740925,35.345893489690724
0.0,44.85924900002356,35.14059445062661
0.0,45.90778394329659,37.38696685588352
0.0322694706336993,44.72388550694679,38.858193989801535
0.025539642983443637,45.37480742947743,42.319674519930864
0.046346979860804854,44.08907908464948,42.169543469648666
0.0519224704940568,40.996286973872124,44.6552331144661
0.0,44.396946334134746,44.10294627311323
0.0,46.842815753800735,45.28402019215181
0.0,45.04780358000235,44.60918343013692
0.07630128462604249,41.5414050915688,45.42848997748737
0.08875135145569293,38.96181913486258,43.362889500369064
0.07175092473153957,42.16267942166667,46.18797720869019
0.16624489560124267,44.03854974686492,50.01960417827931
0.1192902801123248,45.92691267355164,49.90669995764574
0.04715951521308673,44.74075215553705,46.863085110400085
0.07263435520665303,45.705005570183374,47.83498821398082
0.03087024707532482,47.120677630831224,49.33617340198266
0.02373725203924858,43.717228795984,49.894802434434226
0.0,41.48053491219048,50.485875834810415
0.0,40.82584247807009,49.597675767541084
0.0,40.455605460880726,49.20618100988749
0.04325580760638092,38.99733982060951,49.99268626108772
0.0647160636950447,38.497751545324206,51.671107856373915
0.05559501443701571,39.67345510636962,53.27974911912258
0.03879745675859764,40.395675881150225,50.72382904427383
0.03879745675859764,40.395675881150225,50.72382904427383
0.03879745675859764,40.395675881150225,50.72382904427383
0.07263172782788055,40.54033810255722,51.747270624167925
0.10279338857845874,41.09518683788781,52.79608811531423
0.13052710737309717,41.92479636287982,52.10920399628462
0.13534994237208928,36.89968346326062,54.21175588663353
0.09347146413040985,35.30410048004308,53.47320111921117
0.10752461193952109,34.68223097206199,52.409895724087264
0.14236242724678566,39.19877820621948,51.726354075831345
0.07497578026062914,38.27262251824118,51.49760942803449
0.09332814206992233,33.49849095970149,50.73553065633044
0.13523583605544165,32.49466832203376,47.56789826528971
0.0964741178978184,32.86698325981052,46.031420111512865
0.0964741178978184,32.86698325981052,46.031420111512865
0.12082948538976439,35.052323642985115,46.38967919652092
0.20510582628709223,37.61004645030156,46.50273872328555
0.13740975985914497,36.059343340428114,48.32461160909925
0.0782763404774072,32.389418287796836,48.22053841155593
0.12936904401332935,29.49630389379354,47.68513046508723
0.13267093146541747,28.734799192272554,44.14802119843917
0.08495130146974358,28.71588195812645,43.57783111302906
0.13494001546392326,29.229269453864905,42.89921935693111
0.07704135837637666,29.35354489707823,39.78461304542727
0.11626062958668781,29.619484320903766,40.529871662775435
0.051969312940925216,30.97202407837485,38.578747147766165
0.10453674140410382,30.711525174411886,41.395236336950774
0.158630982181367,32.507276491725115,42.06561407194402
0.18958695425346883,38.31782095330052,41.095789934933585
0.2198968523376924,36.366413898727295,41.69957677573185
0.18963111040575664,36.642998795767426,44.46288557561014
0.11717498717315851,37.53996194206107,46.120708404767825
0.08921123463400016,38.27974731846393,42.59403958004739
0.04995638055072649,35.23829475470038,43.096241139508614
0.125215190651346,33.60165530326452,43.195523349610774
0.08682737131795079,30.751162494492252,43.46847507337882
0.09886611788324046,31.162263977339176,41.57786077885061
0.04357502331123672,32.529235181730776,44.123203513740684
0.03226103123877171,30.109811767221558,43.95009343496796
0.03513438042947953,32.275327655265954,46.413560647744376
0.11950250849786781,33.50117009301954,49.24234263672215
0.1182165769832196,31.8729860232593,49.37467632729362
0.08695624495129856,31.853207891582976,47.82330625015084
0.10430592852359578,28.92176389118375,45.97042989108497
0.0974183990116902,27.721963701687862,46.356336037102835
0.06060198644355517,28.405129989940956,43.76996005153369
0.014555029905012042,25.94200394741529,41.80349715159422
0.011864381966131616,27.36311018023699,42.84299876727831
0.09696342566169183,26.647828995552494,42.62447734656412
0.05986419098167668,24.949933328537327,41.20572672136053
0.05239528211404142,29.451226818850298,42.62452624595928
0.10290199635182509,31.886673506777733,39.62114477776787
0.17609427388569937,30.059071371399103,38.817523371123876
0.18683659694107582,32.679046433850246,42.87911543826095
0.1679854478973929,31.37496966538299,41.22083745614772
0.1070434035160199,32.404384180426284,41.88590123203562
0.24158731755389534,30.222766840611225,40.209796311349905
0.2734609062054728,29.679064420339614,40.720051241247674
0.2962359437145353,31.359868855570884,40.53254357902577
0.2962359437145353,31.359868855570884,40.53254357902577
0.31421517264184295,31.6760519678775,39.74817197355854
0.37289794870992643,33.316072816699105,37.59246299348816
0.30823330395886733,32.7353895560205,34.09720154857861
0.342123184653294,33.67396122445121,31.250837514751804
0.28131257379734054,29.762979022807638,31.53859688086959
0.2578798801772748,28.319899190151595,35.778798843108795
0.2879655095289618,31.461899315401872,36.01355310777961
0.2739906753043562,33.520962884141845,35.168413476025584
0.24397398150805263,35.90171056833826,34.65374976738143
0.24285878439858732,32.74249603974463,33.78108988025731
0.26010355266542873,28.935645466227683,33.40269934932069
0.19264749435864048,28.2267554997252,35.94413819444029
0.2786513841445895,27.395463657004946,38.13322319506441
0.3124976099388411,28.426439032724176,40.78895249908907
0.2800328238055962,27.546331516504377,41.70806545929746
0.2353723807662133,25.488482982144433,41.914840694613105
0.22919095205541365,23.648838409205165,41.654816755109955
0.30058087859173466,24.993490655720272,43.81402789310359
0.2649358824418194,28.007614931269664,43.64694138767009
0.2378658146455117,27.762503887028167,44.05516796971063
0.3229847075521195,28.455481277651415,42.312300096949976
0.31423238684656374,31.474018354445384,41.50602982639364
0.31423238684656374,31.474018354445384,41.50602982639364
0.2759064669487964,28.638762475324295,39.62977583467153
0.3407125211538973,26.840935078154136,40.5497127228107
0.3212495934153379,26.263435648129434,41.57237177360865
0.29928487382577457,29.32203813465279,42.687309080295535
0.24716538400618057,29.383112306623755,42.133967738577844
0.30097820961132676,28.778406026163196,45.62611452097697
0.3072309167935308,29.887714997292665,41.307830650048295
0.2731601609786084,28.173785991662015,39.67306839868545
0.19716203366945212,27.23235051678971,41.69947781033287
0.17205830661758545,27.878095370379846,42.77063718001232
0.08156754320551096,24.840056130701804,39.047359180925966
0.11850596635222099,24.340911410850712,39.09836394721869
0.16053860158324876,22.729528716336805,40.22756922058118
0.10119898780836384,23.32737464137024,39.554335374546625
0.10454640887409043,23.438642425391045,41.62524597665187
0.1707506045307165,23.501379949504493,46.33609520752622
0.1707506045307165,23.501379949504493,46.33609520752622
0.20487186832291482,26.338021864489775,44.640886617303615
0.30254206892385754,25.527972936179783,44.5670554663277
0.2613547174548126,26.074946733861996,43.97948468704043
0.2254486525675454,26.173033446019446,46.18660719007881
0.2704892242364923,25.156213828160016,46.03644170795901
0.2704892242364923,25.156213828160016,46.03644170795901
0.26557357990182323,23.897388875073645,43.90856367042535
0.32806512498302676,22.07475043527186,41.6887643310004
0.37282862859579063,24.218461600899243,42.555220236864386
0.3350142339028284,21.45730862925662,41.339933576468944
0.26168638070626904,20.367631296400365,38.50388290449729
0.23241741319574116,22.777028650422483,39.774639665841
0.2519168341510886,20.911455992226426,39.35487434614277
0.3202894061006431,26.102365086879438,42.23218645849499
0.3914753715020116,27.83173396134598,44.39008641049052
0.4020214995625483,29.564346910438964,43.04568221307483
0.3875944266646063,30.27736401998207,42.279640765178115
0.3358952762337756,31.96124394754774,43.75377020834877
0.27687402648286,30.42956069789091,41.745896526078646
0.26715079631635846,29.69687990303806,42.29536586960787
0.266709540113347,31.975919357061592,43.07419287090407
0.2590000319973893,32.72540603578429,42.386765315637604
0.34525849427945576,31.491107459052163,42.45527244017283
0.4368253508857366,32.96350248231845,45.72907744620318
0.4397307066736279,32.316042593941276,46.92716008606067
0.4564542742969113,30.978748018808528,48.834464026422175
0.4307859687624111,29.537135066449178,49.40328843867847
0.42673983258645104,28.14670099507601,48.896333343174064
0.42673983258645104,28.14670099507601,48.896333343174064
0.47121873958776833,30.469211772812585,45.789995032331646
0.4201602344192341,27.90580554227961,50.01699617277215
0.4913596310497693,31.702776614854308,52.53194708091962
0.4630564319298636,28.82644873113238,55.28367682030802
0.45413542768994763,29.795965515254334,57.95369736114628
0.46652662947834334,28.106435738052365,56.99740112210813
0.42367033595881376,27.30796579044004,54.00296239049381
0.4434891673917209,27.176130397499627,50.168122114671306
0.475046387950814,26.40478877656149,48.59473611384656
0.4874202006587279,27.74745796977518,45.3729646078777
0.5030801588149503,25.816242618499423,44.33060780333731
0.5030801588149503,25.816242618499423,44.33060780333731
0.536264951913853,28.124823796414596,43.0644788512154
0.5613374901190855,29.835835807935737,39.48824538923245
0.5613374901190855,29.835835807935737,39.48824538923245
0.6392518491940107,29.245619966141092,35.618846713045016
0.6461952482571478,25.37835307997971,33.82246977062627
0.6742140462289223,24.55730050391862,32.815889616734644
0.6631836050693273,24.87130534974164,35.84738107676984
0.6124642677007747,23.633737819834547,34.280739345240484
0.5534062405515167,22.121707300615224,31.453247223680272
0.5825096948083774,22.87558806979121,32.18641685537803
0.5951392989368248,25.481361483804093,33.911946822417896
0.648667786499013,24.83978665290212,33.744666750230614
0.648667786499013,24.83978665290212,33.744666750230614
0.5933428866487603,27.374297045141166,36.143622569331846
0.5824423967284037,29.327268407547276,36.014849822698785
0.5105668158189043,27.601151342702764,36.76803738346002
0.6216259002205804,27.838435154835757,36.51753488280586
0.720060328004525,28.648717729087533,35.85663300927162
0.6340328080778266,28.413120663388135,33.35982163276432
0.610196768699371,27.850895228054693,34.42252488121867
0.6054870577223428,24.411574317264595,36.1231978116976
0.562032485682789,25.17425176121725,34.235700577617116
0.474698092673744,27.66005865676051,36.52923316664094
0.4272327146331262,27.040549202877067,34.406748251584666
0.44258683760720635,25.723285432715098,38.537600818563725
0.44869927178398544,24.525280769276662,41.3177061714151
0.4994227836390394,24.615603207817195,41.46662394028999
0.4994227836390394,24.615603207817195,41.46662394028999
0.5185347474746893,22.45089507398137,39.86638725206616
0.46680345927138633,20.86315354440834,36.5976153504295
0.4474811799337628,25.916258622235837,38.81170059129996
0.4504794225985521,25.371137488595018,37.85608247222477
0.43708238604732147,21.225654595612195,35.461950753839275
0.44697454704756395,19.715878709674982,34.88563693833955
0.5113093175769821,21.921264831251133,35.55245758251163
0.539601390747794,22.82808650310805,32.274361997804476
0.5917801914955338,26.928212092242934,32.58063414500098
0.5938883294143251,24.736012810601082,32.56655495691567
0.5797000865193309,23.94639616899731,34.74046774614941
0.5651335344985291,23.805677467488273,34.31403047076382
0.5651335344985291,23.805677467488273,34.31403047076382
0.5140985153871435,24.7613392381036,33.28933329850679
0.5207667911301562,25.32147565596851,32.62603221103925
0.5207667911301562,25.32147565596851,32.62603221103925
0.4707532653585638,24.904460406821684,29.70959098388677
0.4945095666800407,24.65662041935102,31.307965180779917
0.5128765851860339,24.25679040376523,27.34802754774187
0.4551886061557216,26.596655531378552,27.98960193580058
0.4223867501876399,29.557998197129347,25.97674000320362
0.4223867501876399,29.557998197129347,25.97674000320362
0.4223867501876399,29.557998197129347,25.97674000320362
0.399120440022245,28.37255471039263,27.33664574034289
0.44209358147257005,28.55688025805153,24.71587283285028
0.33055821136442154,26.88551286315317,25.159398791104838
0.26374440820600026,31.153397328140706,25.2390880477597
0.24976784914585093,32.163368698456416,27.4221546542545
0.2561936064750663,30.40706984275011,23.09995563948268
0.2597442322145273,30.51226873910992,25.19627840654362
0.2956264241562869,27.762919641028798,26.794177965760312
0.24962525665278912,28.9900317906625,27.865290685830672
0.22643044749915714,32.017030875564586,30.261578918169185
0.18824975049898343,31.280764428570663,30.5898978041059
0.16302677591117565,30.004893281782103,33.922120857018975
0.21719280397093046,28.435375306317955,33.08729085812214
0.26126040537763007,28.248804570880644,35.151242005378464
0.23209849389404608,29.174003596202496,32.889596614710996
0.27606685939874864,28.99460523537872,31.84019776758724
0.29937727983798307,28.4148905479559,30.339243445019513
0.29937727983798307,28.4148905479559,30.339243445019513
0.3269464403424431,29.9051559122773,30.349217780140386
0.2308098467730871,31.52341123512747,30.283516428300544
0.18432468858800147,29.339246768045854,28.76394772343537
0.13523765880811497,32.036106132499924,29.308756465924525
0.09523200995773438,31.50833632392738,30.90513443040308
0.08140194293186834,30.241832805888638,30.415843716614106
0.08610024704590696,30.816390676197855,29.372184172248534
0.08610024704590696,30.816390676197855,29.372184172248534
0.06540807974012497,30.688524201519833,32.048125501354406
0.1390690005082451,29.08363985333211,35.53661541967361
0.193720041315168,28.72211294816707,31.865725115634113
0.28626431699881516,23.818762415630747,31.161605198854865
0.24022377826178007,24.461470193928854,28.692673617416773
0.2191741700834516,22.70473927041931,26.703888350828016
0.10128852543867023,24.475903922816155,27.225948961529134
0.13289330747393818,22.30917590696661,27.308970188177696
0.09406395583073462,23.51450777791716,27.105507415690628
0.1237562356355442,21.881232163410804,30.13311784621881
0.19991335231762752,22.444502535980355,31.10493097485235
0.1163856410928632,21.873021001709034,27.065476605932265
0.1163856410928632,21.873021001709034,27.065476605932265
0.16262171185312818,21.581820685399023,23.773309009792168
0.20361766497379058,21.191558578522876,21.278426031024836
0.17284799464219533,19.181323804980867,23.66553401593398
0.09350350046691859,21.356202489662046,21.781438471348054
0.1472363685677759,21.59078660783326,20.810432852500806
0.07331456269924433,20.568111285547896,18.377790834436574
0.12079884066032046,22.498856690067473,19.898899861627985
0.10842028410463606,21.98217476289779,19.486428811313445
0.086719920591699,23.099670950990397,20.19511741128132
0.12684736916941566,22.53682431537707,22.864838659852783
0.12635816776996958,19.46725823858413,22.77324892144319
0.10010040402903633,18.792193677139714,22.731179804421394
0.09033072256965972,18.543705588245977,23.81990701579578
0.09982406886180402,19.42532969960976,25.41895258519622
0.07707399855141334,22.011391941540033,21.843153397495705
0.0644915257905595,23.503275241128897,19.471901108228387
0.08569816923625892,24.160014529124275,21.29157191460927
0.047420735776947186,25.263949501735528,21.28887017167541
0.047420735776947186,25.263949501735528,21.28887017167541
0.0914451660292985,26.1237489414893,22.839917232408954
0.0989040785094572,28.510297044534187,23.96379933735176
0.0989040785094572,28.510297044534187,23.96379933735176
0.05527693828078606,27.77857064206054,25.31150415140961
0.05527693828078606,27.77857064206054,25.31150415140961
0.05527693828078606,27.77857064206054,25.31150415140961
0.05527693828078606,27.77857064206054,25.31150415140961
0.0,26.536361201137385,26.77212618414175
0.07910973735776146,28.42213433521667,24.76438267839938
0.0,30.37391126290964,23.786830709633648
0.03326487055159275,32.16026392677644,21.07826702883244
0.036243023829423425,32.7863813190199,27.93193665387045
0.05947489661053411,31.909634279398244,29.011343813725976
0.0907184147281508,28.751123991696094,29.887163599996065
0.05728379200040116,26.44406326434391,33.215472617734214
0.09335349626724329,27.57752123657793,32.608729166625636
0.1393202489026651,29.43776517972338,34.94761053953208
0.1596046106638997,29.447390555801164,34.82616990038061
0.18905295464665026,29.26337012323108,36.48205292564752
0.22721525386303176,31.01774233938559,37.10663776613603
0.18545866039292414,32.64848717293371,35.63832295938521
0.1880650829024017,33.877384514770185,34.585174718128684
0.24405380955863143,32.30874779121586,33.93297218966286
0.18800147402436007,34.65725498177581,32.732931523528684
0.14870446309702812,36.5778787707643,32.2322876398206
0.15658017573921404,39.44020665314364,34.306009843309994
0.14709137697267885,42.26031549521463,34.159824282318525
0.15455053252167023,46.44855146797192,35.94879418682666
0.18645280814986614,44.670459161479144,33.37863439594574
0.11142758100163803,46.221011664228975,34.10961849371634
0.12636915973802762,44.81842895375717,32.05709609587438
0.1091512700077009,46.44201879988747,29.52784224885826
0.14934127649006024,47.18066760215951,27.547931515686304
0.14397760584601452,47.52481351748134,24.68056944210678
0.0697915677395184,48.53286268487802,26.028434886290686
0.0,50.62215003830274,29.226603131665907
0.0725873232125782,49.613965596662304,28.925459141573178
0.12837407332836992,50.65450097466786,34.074511115562046
0.15537722102842091,54.24563712333446,36.92535768577492
0.13545077926454663,53.91669361363859,36.84098303258684
0.10321319398414364,54.23946174620169,39.847111711093916
0.05918927080349812,54.288283402095765,40.55935121978844
0.05843448103443406,54.53164274502293,37.03365927503966
0.13889302359940428,54.92199367707116,37.93757962397931
0.09088282144037449,58.568727655443766,37.709777256374295
0.11844485684893835,58.84321211416802,38.231390329303444
0.058356032270732605,62.01553600471087,38.32412897840884
0.018781878720226255,62.220486641594896,36.41171037748009
0.0,61.88690196909263,36.425887011595066
0.0923307041982217,62.5312649905209,34.64681443040286
0.05915903288385958,63.30564892537017,35.00112549937167
0.15767195291244301,65.056967045187,33.880953742349035
0.20571709828839757,65.79624113720496,35.454378464792974
0.1529910679694813,64.44116587698137,34.48541068068208
0.2098249418261295,65.0290038983775,32.55629706174258
0.206286262001931,65.01554750795589,31.549125796987884
0.2327378426752253,66.25210370771121,30.95136643813745
0.27112760991921436,67.55802386612483,31.134126581966264
0.25244935769081056,68.64524468712038,34.5129296771488
0.22220596522020547,67.94496066796168,35.69423417051768
0.21880710300389836,68.16842853386156,33.30241088211332
0.20692865442775474,67.97424710634677,37.11235783775995
0.16896394944410414,65.72394362097307,37.45668234887093
0.15197246458443567,65.99596145442452,36.43174173400137
0.15197246458443567,65.99596145442452,36.43174173400137
0.07486809871342005,67.7841441120741,35.681984738380834
0.0024432646684755116,66.3796888885405,39.07349369080822
0.04009273123282584,65.70513039510473,38.347762794493946
0.02123000844512268,64.15614389821476,41.23560002957875
0.0,64.02860439934497,40.84209992890548
0.012964668043439667,66.4508952028363,40.30079927456913
0.02358938495551266,66.76421836158018,42.87279431074812
0.02358938495551266,66.76421836158018,42.87279431074812
0.056973752047899166,68.76274724606048,44.59699742717794
0.08653768930754605,70.38849118069814,44.26125920777562
0.08815940249795948,72.60596757578358,40.17092225577216
0.15199519468462458,73.95678026077658,37.96733612199277
0.16638625552832664,75.78085236125159,36.321157108820486
0.10906793646086108,76.61598530741,32.95815749712256
0.17601313346371367,70.12068294501418,38.5380432872627
0.17601313346371367,70.12068294501418,38.5380432872627
0.16223677622381777,71.56557391150885,39.91969185759133
0.20060642266433798,70.91653279964162,37.448425934152375
0.2186101046362983,68.43150284113642,35.245799688619705
0.2186101046362983,68.43150284113642,35.245799688619705
0.15082513411007514,70.6977651379836,39.10926617563487
0.16979920437605964,72.37916112013659,39.087048992068375
0.1935149638798023,72.3955250021715,36.34041856171576
0.22421989016593535,73.85738415862045,38.74502447983026
0.2983491229354006,76.8495946160556,36.40201002608612
0.32551302550557315,76.9192692055241,37.62081030788057
0.32551302550557315,76.9192692055241,37.62081030788057
0.32714473141610184,75.76611141278565,35.16921091186862
0.28610467450793686,77.16922901719234,37.15322711114781
0.28610467450793686,77.16922901719234,37.15322711114781
0.3683760962049765,79.52976367241388,37.405718290849066
0.29207688315891756,79.18123099802683,36.74811107269377
0.27940033015434557,77.99320120820012,32.054144059035885
0.3258880752179132,79.11655296696553,37.71190285611022
0.3258880752179132,79.11655296696553,37.71190285611022
0.3258880752179132,79.11655296696553,37.71190285611022
0.23697755527457304,80.5231667794214,37.83927036696166
0.18878032249385263,77.48412859134363,37.75255649816888
0.1801557120385479,78.5165254907136,39.08467179805918
0.265063748060585,75.93707817289973,38.49453539529148
0.224749718283602,77.14080407570479,36.57660853409136
0.2786974025219612,79.31646579878473,35.082961768744894
0.3687826875380589,78.82323781084867,33.8031125573728
0.37429083711198147,76.33782480752096,33.89445761768416
0.37429083711198147,76.33782480752096,33.89445761768416
0.4010619689910219,75.55652676586642,36.7370752609866
0.3879193710004389,77.97349878460773,33.55507309040868
0.44383527309635695,77.96845131964501,32.35145509447565
0.5049769229967535,76.79269890360054,32.331589215382195
0.48801918125396365,76.2712976951848,29.695445154453513
0.49903531198366097,76.27082399838896,27.88092631963627
0.5237953046519264,77.9168237099199,30.062610520548297
0.5167952015994267,78.03654563311093,30.41655985747981
0.536865256964032,80.76080311075494,31.451206970815864
0.515955168257904,82.04246669238044,31.77569818976513
0.5378950688985021,80.59608793537578,34.65852258214188
0.5723830211926357,80.52554902661237,34.86438995001803
0.5713230302172803,77.88984501012972,36.33016405763838
0.5713230302172803,77.88984501012972,36.33016405763838
0.6775195113669479,77.75808676246518,36.631769636923714
0.7055732658267114,81.33907999899482,39.7505363541921
0.7573572896530061,82.77842133571123,39.47367019191166
0.7545201467976792,79.98124878494046,38.899241304720654
0.7325771356837575,79.59285884570083,36.723910494173175
0.7811093988432584,73.46240380867494,33.71112022601747
0.8217126685083824,73.52994870552052,30.637721896242578
0.7793166401573249,73.92138887766909,30.646491042806062
0.8041278110607211,76.42178059920928,30.658758412860124
0.7818743062780816,73.40848903087458,30.85404305638871
0.8245964152920743,74.74015030866737,31.166619773784166
0.7882891035010439,78.49267009496421,28.856311187289375
0.7882891035010439,78.49267009496421,28.856311187289375
0.7952033015849446,74.4157873640695,28.058154424587865
0.7999649641458471,76.73366079973543,29.758210816504032
0.7606892842324715,77.65686638121488,31.33719412207702
0.8818560961984201,78.34841058261638,27.102619333794358
0.8866015293302193,77.01900578361747,25.1698652436168
0.8269605553985463,78.25732995683816,26.3733193515758
0.8869007006459101,77.48132916399821,28.879024364918834
0.8869007006459101,77.48132916399821,28.879024364918834
0.7957779323846719,76.27081630336767,25.346798965041916
0.793549062873107,75.22980651272414,24.863500298687118
0.8011261516388382,73.13574312081535,25.453642556573314
0.8148236124057273,74.5443220150557,23.819123625396696
0.8063080095733849,73.53333580846189,19.830932227771264
0.7733363433677365,75.25430237282903,22.302424861506793
0.7258857990777082,73.12531546279767,20.302386579915897
0.7232129435525854,71.34629866407478,18.67319027796328
0.636357929149203,70.54191767146102,20.612609037180476
0.6310193978361809,71.5739000746235,18.06852982015389
0.6310193978361809,71.5739000746235,18.06852982015389
0.6425933982863773,73.14335918908542,20.897214818912847
0.6793774130649852,72.9249744747583,19.770667100596658
0.6782081682206592,71.0395334314162,25.37164318824194
0.6841128518489035,74.29692335897043,27.58711410487205
0.6791211104922854,73.7212686140745,29.79893958937817
0.7117804202772413,69.18881238344288,33.44239209490296
0.7170543195534731,66.96963973679917,33.658888325105174
0.6712477975115073,66.7770028311694,37.900898145279285
0.6939353029506524,66.45816526789999,36.917517117753434
0.7559031283504631,64.46054364473243,37.297265875802644
0.8131289580695925,65.45488993463486,37.952438586271136
0.8091930916971526,66.10905588120596,38.3771053812202
0.6270338505844973,68.0511635126101,37.39415114275817
0.6019396288411196,68.99975802336616,35.98452541413254
0.6232205586922376,71.31865435936942,33.50576884882037
0.6088070838192591,71.09639459216899,35.618764448507356
0.5958357051220382,72.9434554424885,36.9028214235343
0.5548595017378932,72.92767928876587,39.448218252635954
0.5548595017378932,72.92767928876587,39.448218252635954
0.5962342450416024,73.00243988463937,38.871440606035755
0.5599178949196773,76.35852623380352,37.418237812974844
0.5527208628863588,75.93194258069889,39.03714713271245
0.5573256024413846,78.21070065569548,38.999583254448325
0.509731277914187,76.79146845330727,39.80915938464044
0.5069873223039676,75.7900120292892,39.01480024120053
0.5686794553291742,78.59125043965483,34.14334412681373
0.4933721565792153,79.8313807014187,32.1936113808422
0.49441557136105196,80.80822419199643,35.60064537296982
0.45639265195387424,78.68226605413615,36.5279193083704
0.45639265195387424,78.68226605413615,36.5279193083704
0.4560755508733385,80.75909703154696,38.10908514619416
0.5051230400772647,81.51697185162243,36.37098553535765
0.4943522782840457,81.25991964080893,34.282241098335696
0.5095708941125288,79.43896788564244,34.03729869580887
0.46407470009150054,81.92196137604539,36.40819378465815
0.5257233842226599,84.81774773859554,31.020358305590374
0.4960502560974466,84.13220002170529,31.729531277834326
0.4691627829545001,83.76584635645753,32.240328790122895
0.4263339823687714,82.81914660525995,33.329404934738534
0.4302259747375921,81.65882864253706,33.36612675113878
0.44501490725725007,78.26689219192619,33.49315423198754
0.3706882733374175,81.08734420332405,34.11101351826081
0.3718363466693414,79.96316700276955,37.046192868196044
0.3123411961201377,79.99958391606657,33.67445952850139
0.1991155838863523,83.2335100796707,34.30121722561875
0.2544354167338023,82.31980381808451,33.37233947980105
0.22047902060769764,81.24567817045155,31.25637901258887
0.25319646546124924,81.49320222824893,33.04540060602819
0.29967090844957534,78.80643027871612,32.40233899524877
0.29967090844957534,78.80643027871612,32.40233899524877
0.3669542434024289,73.64608400183737,31.17971659105539
0.3745977354760582,73.98561925605343,29.65715199714888
0.359629552875809,73.97725245990486,32.34919249285406
0.38279010206427505,77.14528337901213,28.743309026921757
0.38776746607815316,75.58425667704141,24.844752374191884
0.41239942816859376,75.12635799551332,25.14110414303173
0.38460454789508847,74.87602741895662,24.88476056963162
0.382449804543603,74.67590225411644,27.443175861007028
0.2639078819682258,74.42576190840465,29.530378090606703
0.2639078819682258,74.42576190840465,29.530378090606703
0.30139192136955684,74.5059656032707,29.702528500509793
0.27599716398411145,77.79950588606103,30.499150862401645
0.2538410090436998,77.4482267741592,24.29666246781096
0.2883749888773536,78.93341217133582,22.55788746110426
0.338641878062965,79.69784584683445,21.41766176914542
0.3537654292466849,80.25106111131049,20.58517025178962
0.25634586429387635,77.98259496277656,19.527410417933105
0.30290390851969895,76.59084618984413,18.004421608574077
0.2696282026440843,76.22870128957399,15.61794155924418
0.3263379283638871,75.43325854028639,17.580938292545387
0.3263379283638871,75.43325854028639,17.580938292545387
0.3263379283638871,75.43325854028639,17.580938292545387
0.4200794190649675,71.19439847143117,15.88671007866441
0.411125518286754,72.961827818557,15.575754575068457
0.4243741449860359,70.925815327334,18.081415163361914
0.4113949066369457,70.29078877328412,16.54852400499154
0.4314044142217061,69.57376409742376,19.187698826920602
0.3901342250778339,68.03598507902859,20.524993931952576
0.41378042629637546,67.17830037921637,20.419714603961168
0.44102576283711664,68.99458800145406,18.87161468581205
0.45004205952232157,68.7443647929734,19.704345943353776
0.3990207377152525,68.70826877139181,21.109382752634435
0.4071026344259372,71.104954172246,23.21201073267391
0.35940213105940816,71.00189265692889,23.251179263047952
0.33401502795487764,71.04479194136469,24.10929471433967
0.41250015856643857,70.99272658789849,18.786857699459297
0.4047343316057701,71.39838039030994,17.013026498170408
0.39778772596525674,73.14039359564438,18.10700063358272
0.31454075053088504,71.80126310061645,19.07677863446956
0.33248463816342827,73.89261953343963,17.990720182619416
0.3471108204388887,73.76157246344907,14.213905083025999
0.3471108204388887,73.76157246344907,14.213905083025999
0.3525367629644599,76.73710854914071,12.531852180297493
0.3398516223106441,74.88701092444354,12.949253625246971
0.37185376135504933,74.18677649216896,13.376358239838368
0.41500608922695637,73.10660571628942,11.936938103975514
0.4036275220396942,69.8073376437586,15.047430740481474
0.4001624102565702,69.17025177060323,13.763338549084187
0.38341574365219133,67.06658680660281,16.71379974082963
0.336272944932403,66.86263586532311,12.426665674233277
0.3427638482301367,65.44546858908598,11.543003624323658
0.3583061902654163,63.97115139559041,11.141882169668573
0.37905896509218195,64.4827111052487,14.486529372776863
0.37294484299225733,62.67413803284314,12.156904711522827
0.4389915474666945,59.179803642669135,13.019761944378072
0.4389915474666945,59.179803642669135,13.019761944378072
0.4074686709229791,57.711282363758485,11.564258459474843
0.426642087197655,56.09515389388759,10.374834544509614
0.3818253182219816,57.94645096148822,9.611969311749247
0.42493606437116216,57.46929139399151,10.579526893484594
0.4558415072747632,54.61718160691172,6.4684485825471905
0.41439081481009377,59.09038976120466,8.37781273599406
0.4347917262593396,55.75693488200418,8.475919413253688
0.43271497300046,55.34685492272556,10.071623341532133
0.49743640564588837,56.306987013792806,11.781425100765098
0.49743640564588837,56.306987013792806,11.781425100765098
0.46839193779067057,59.136646814477984,13.726055743245746
0.4794801989968881,57.46013077444744,14.220018140937015
0.549549270746982,55.22535190457789,13.216934640260417
0.6417724190286204,56.716708296944596,10.591089312542382
0.6786651194192761,63.37606302817365,10.646145944502013
0.679586964465251,61.738653272396604,9.855589885759747
0.679586964465251,61.738653272396604,9.855589885759747
0.7328694639634488,60.33250938278957,9.758621279760764
0.7328694639634488,60.33250938278957,9.758621279760764
0.7328694639634488,60.33250938278957,9.758621279760764
0.6637212065320315,63.753707583005365,6.314788257565366
0.6762698145469807,61.81074699136088,7.063048831526334
0.6440444902077709,61.73564603842222,6.678588929182592
0.6865812414378265,61.25951887709796,8.118815783306466
0.6667482767530175,61.21657184344757,8.579947643191911
0.744544976593165,57.828468655372404,6.34457263290417
0.7474753320238352,56.885001170790005,7.315246836966785
0.7474753320238352,56.885001170790005,7.315246836966785
0.7438327553496971,54.261318297191785,8.792911941128498
0.8008346057018492,53.93227628503508,7.7132674338627485
0.7442915808572387,57.52291945134046,7.698471971816579
0.8379355788004952,57.30142550813264,8.414431307815109
0.8860694663477887,57.33698254930367,8.616619939035308
0.8517228757934072,59.531726447684065,8.383387413407691
0.8736431744222568,61.16064532543398,11.079968204719552
0.8305562623124724,59.26781994277854,14.000797656987286
0.7762868543005147,59.299380246943,14.660409974522924
0.7142145305471864,61.45195943270074,13.415377914512865
0.7787528328472985,62.16400814046417,14.347853767515076
0.830139266879794,64.71979997437161,12.650340928406928
0.8399176256250976,62.79270958235334,12.341948034226895
0.898578836166082,64.50684415105216,16.290023972253273
0.9036466891608037,63.13419034460873,19.142469828814356
0.8924556602758532,61.71910605091309,20.69124091920388
0.807359094210072,63.81317754612281,19.007530500187464
0.8572122681273917,62.543778434846445,17.991077899102354
0.9221093173123199,59.28704514652637,14.112112297039815
0.9460821847641204,57.663997296861915,11.513283535165016
0.9999784190242195,57.27576848216824,10.80838826278918
0.9999784190242195,57.27576848216824,10.80838826278918
1.0,56.91869805147299,13.193009670582413
1.0,58.22938470964427,13.966937222719299
0.9082070478855864,58.61503229449598,12.680489273219111
0.8952038495787827,55.81047081495782,11.18940250545904
0.9050177136808278,56.416361073000175,13.377925141331522
0.8064107310658988,56.1288405826599,15.30901587494406
0.8531226008115365,55.53379916973039,16.725174690153036
0.8558404990974321,56.52905421390226,14.774125635608716
0.8156370245583311,54.700603287492555,13.600141085518356
0.8882556416716009,54.642965332305856,9.85313754850771
0.9579385668138792,58.811737086856986,8.750210583315216
0.9579385668138792,58.811737086856986,8.750210583315216
0.9831824497512778,56.596730965562834,5.751297189058419
1.0,57.63117988941324,7.22859716861436
0.9140287031620625,57.31884344433509,10.572830534347961
0.9107685207321735,58.78744504561471,10.66881133320707
0.8104281507078221,61.01273274467077,11.720483507227112
0.8104281507078221,61.01273274467077,11.720483507227112
0.7910295957211306,62.92307132049942,9.807756303493859
0.7910295957211306,62.92307132049942,9.807756303493859
0.7964053261722043,63.090592489928724,10.062676268480844
0.6558544499901412,65.28357439405465,9.682595971962963
0.6545034793901453,66.90888802231872,8.804445993738375
0.6903114176079294,68.30300917683667,3.8163446641595256
0.6851524948146025,69.38335868193738,5.273849040691058
0.6983548115819539,70.18781971108018,4.9392102308766
0.60787838688342,67.73148904964766,5.6221234653626775
0.6011741713902684,68.39154495475121,5.057618337702134
0.6043587274500299,64.6486829810838,5.204383724635278
0.6883927442254956,65.73384666116628,6.460251862065913
0.6756079931519068,65.81430000746793,10.17892434043658
0.6801976608288891,63.076021088927554,9.20043882540359
0.7079937474599642,61.6104308409919,10.592758806540244
0.7055869514091248,60.31238564205297,12.144090995522237
0.6838062237363479,58.48693801717113,14.473240081228841
0.6848834085637359,56.98246152683749,13.664124142781816
0.6675807290718119,55.2377176318649,12.492746098770072
0.6675807290718119,55.2377176318649,12.492746098770072
0.7150152404876912,54.866369265043815,10.327148862632985
0.6934207567958506,54.75128163405607,10.507522392681818
0.7368688808146693,56.18758386510605,8.530867870487036
0.7996012302759297,53.39447216670375,11.116793813729068
0.7575417815823119,52.94625321724965,12.566948396898002
0.7728739017795174,48.91030634034468,10.8166496577569
0.7974906807986382,47.047373388607205,12.16993609304968
0.7974906807986382,47.047373388607205,12.16993609304968
0.7816465188993588,46.48279907979805,15.719620814527548
0.8050353134642699,46.31587465524535,15.42305968309746
0.8385432352996365,46.614778558790455,16.02279666709693
0.7974403420248093,50.88873936573769,12.778599122159939
0.7974403420248093,50.88873936573769,12.778599122159939
0.816977825131206,48.56220895723746,16.182085650106146
0.8175235880710762,45.43766605012295,17.56793966671413
0.8886981307358532,45.501925705052926,15.303596190383567
0.9720278775053796,46.6462698195589,14.949717894831721
0.9720278775053796,46.6462698195589,14.949717894831721
1.0,44.98906518108377,15.885239351474667
0.9788506501410034,43.74619495002521,18.878041513369315
0.9859381610984194,44.804385764067874,18.722199081136047
0.9179376484121612,43.75011610079398,15.461451406503915
0.8963085760663081,41.574545904271176,17.895632577611142
0.9566599645833676,40.3775497193141,19.662424044333395
1.0,36.65977213673658,20.194028409305115
0.9400250749043615,37.86927891265002,25.204202400725542
1.0,33.63619720625703,26.308555989432666
1.0,33.63619720625703,26.308555989432666
0.9850412680564398,33.371802214926745,25.564582728225968
0.9062962210181084,33.559232536929954,27.711645386920285
0.8807076292090038,34.539756471395336,27.510492056772318
0.8297797208787049,34.71580823372587,28.610746753174396
0.8602080187594793,38.567637716686484,27.81763767691303
0.8366509786392734,36.809488112671204,25.73532389839785
0.882838272639392,37.451329811291345,24.86531123069474
0.8924959062128665,33.855539708176444,20.127827872397376
0.8686463607419482,35.25517662495237,18.636993223431045
0.7458002621928973,34.1743239324773,16.18021981265267
0.6909847020967543,36.50819740411954,16.213006321114108
0.6977649025336758,38.88735341754039,17.664184908395484
0.7327372930393516,38.363384982117594,18.291282926518143
0.7528786465244955,37.70518291776651,17.005958937850004
0.7568335486956687,36.705110859874445,16.549418495128016
0.7739873405347457,35.74295210632619,15.164594652762815
0.7633164081077721,37.234792125117664,16.454531936841356
0.8491130427745028,38.014046894226404,14.263468176231093
0.8795156099620121,39.748801526526705,13.403143992152161
0.8795156099620121,39.748801526526705,13.403143992152161
0.858921983283373,38.706660842279256,11.976016110184528
0.8546251446708457,38.33561045541546,13.030151559629763
0.8661927688049335,42.20741930652367,11.265637068447736
0.8432513676350246,43.145955317863965,11.755677714227659
0.8017903628794446,43.20318685942877,10.001403350149127
0.8781850249885118,43.596138793743314,5.01062603899625
0.867895255043803,44.41695403482008,3.6472830594905625
0.8374981867812017,44.71377811742149,1.9090205499459934
0.780994994386613,41.654291419749036,4.211084814031919
0.6802448390784637,41.64079679102129,2.6668406319416693
0.7244806221544615,42.478186037859345,3.0608483089905616
0.7289469768630209,45.2542258848003,6.379225924022601
0.6944974510733775,48.27487812051817,5.954027317666567
0.6944974510733775,48.27487812051817,5.954027317666567
0.6944974510733775,48.27487812051817,5.954027317666567
0.7076348524899391,50.014881641088,2.058125957734688
0.6068166549784065,49.04971747671075,4.937599472030465
0.6233880150521122,50.23269841502757,5.854281497088348
0.6469761786469168,48.60558145318766,3.8200483314684197
0.6410738188313684,49.70101333426804,2.745801469362286
0.6055329835262812,49.174481916474306,2.906416334902916
0.621841856173361,45.45298847622028,3.65590842826772
0.5299407989017354,47.30223721153312,3.866651401265499
0.5302453037016085,52.1834078107327,4.5680869096683985
0.5147373937809596,53.72795732173386,4.299737958405955
0.5147373937809596,53.72795732173386,4.299737958405955
0.5147373937809596,53.72795732173386,4.299737958405955
0.6161698515353828,51.145110840513944,2.8978958023328487
0.6604531514620442,50.860566208403355,4.412619512376409
0.7358269815037151,50.477197976739255,0.3075412496998444
0.7358269815037151,50.477197976739255,0.3075412496998444
0.7358269815037151,50.477197976739255,0.3075412496998444
0.7358269815037151,50.477197976739255,0.3075412496998444
0.7358269815037151,50.477197976739255,0.3075412496998444
0.7358269815037151,50.477197976739255,0.3075412496998444
0.7358269815037151,50.477197976739255,0.3075412496998444
0.7358269815037151,50.477197976739255,0.3075412496998444
0.7358269815037151,50.477197976739255,0.3075412496998444
0.7358269815037151,50.477197976739255,0.3075412496998444
0.7358269815037151,50.477197976739255,0.3075412496998444
0.7358269815037151,50.477197976739255,0.3075412496998444
0.7358269815037151,50.477197976739255,0.3075412496998444
0.7358269815037151,50.477197976739255,0.3075412496998444
0.7358269815037151,50.477197976739255,0.3075412496998444
0.7358269815037151,50.477197976739255,0.3075412496998444
0.7358269815037151,50.477197976739255,0.3075412496998444
0.7358269815037151,50.477197976739255,0.3075412496998444
0.7358269815037151,50.477197976739255,0.3075412496998444
0.7358269815037151,50.477197976739255,0.3075412496998444
0.7358269815037151,50.477197976739255,0.3075412496998444
0.7358269815037151,50.477197976739255,0.3075412496998444
0.7358269815037151,50.477197976739255,0.3075412496998444
0.7358269815037151,50.477197976739255,0.3075412496998444
0.7358269815037151,50.477197976739255,0.3075412496998444
0.7358269815037151,50.477197976739255,0.3075412496998444
0.7358269815037151,50.477197976739255,0.3075412496998444
0.7358269815037151,50.477197976739255,0.3075412496998444
0.7358269815037151,50.477197976739255,0.3075412496998444
0.7358269815037151,50.477197976739255,0.3075412496998444
0.7358269815037151,50.477197976739255,0.3075412496998444
0.7358269815037151,50.477197976739255,0.3075412496998444
0.7358269815037151,50.477197976739255,0.3075412496998444
0.7358269815037151,50.477197976739255,0.3075412496998444
0.7358269815037151,50.477197976739255,0.3075412496998444
